Mixture	B_cells_naive	B_cells_memory	Plasma_cells	T_cells_CD8	T_cells_CD4_naive	T_cells_CD4_memory_resting	T_cells_CD4_memory_activated	T_cells_follicular_helper	T_cells_regulatory_(Tregs)	T_cells_gamma_delta	NK_cells_resting	NK_cells_activated	Monocytes	Macrophages_M0	Macrophages_M1	Macrophages_M2	Dendritic_cells_resting	Dendritic_cells_activated	Mast_cells_resting	Mast_cells_activated	Eosinophils	Endothelial_cells	Fibroblasts	Neutrophils	P-value	Correlation	RMSE
ALCL_1	0.016793268776501	0.084926842724517	0.137219965062582	0.083564811318562	0.039773327179308	0.007604742700273	0.337173280880631	0.006274193576342	0.017662113921839	0.040311797396184	0.050076540913205	0	0.005783359880854	0	0.041670288974522	0.064072876598255	0	0.001875811251231	0.017362698780011	0	0	4.72165171269251	7.37705067121301	0.047854080065184	0	0.797534468978705	0.699342231753166
ALCL_10	0.002015508681593	0.017740217804743	0.022024941543931	0	0.031592976362212	0	0.294621264630184	0.023776294993246	0.043900638579757	0	0.107039037157283	0.064888491206626	0.050442985567191	0.00737056257416	0.108354027759345	0.17611509541888	0.000351591765293	0	0.036109752556196	0	0	4.92176325736532	8.84961938818214	0.01365661339936	0	0.688181896784966	0.765907792527815
ALCL_11	0	0.026630862019801	0.026110741599294	0	0	0.137577784651467	0.239320987636328	0	0	0.01566335906215	0.092726440786916	0.124490255762235	0.035445860083347	0.002360096081456	0.094002306140044	0.15545382645827	0	0	0.038536506760886	0	0	4.24475953402299	7.50235233771339	0.011680972957806	0	0.675876835439428	0.76293073983268
ALCL_12	0	0.030446330348195	0.151771549472558	0.112892246566572	0	0.001836337079544	0.220303443388888	0.017811493686232	0.010996083995244	0.004033426391011	0.00812165852394	0.041240155367712	0.002240788718707	0.052769095248906	0.114005765250371	0.147153466831187	0	0.004167610108508	0.0628112114658	0	0	4.9532650460101	8.51099956732893	0.017399337556626	0	0.712598148523094	0.758026900857405
ALCL_13_2	0	0.036489869778829	0.025111297134302	0.121513122634396	0.055083424382278	0	0.317432522283386	0.023360807816758	0	0	0.186246908238197	0	0	0.020979576512107	0.058285527604863	0.133994885971866	0	0	0.003003257553895	0.005073076343541	0	5.1995612574994	8.18175309742748	0.013425723745583	0	0.730772551753695	0.732484519829785
ALCL_14	0.098398193047278	0.221292125513151	0.011410794061622	0.145920378053895	0.059031807678109	0	0.035523229322567	0.102469956665562	0.049226861332123	0.047300897179279	0	0.006610647395482	0	0.049857562388375	0.09784720204233	0.037972190167605	0.037138155152622	0	0	0	0	4.30675083664058	5.56584933330828	0	0	0.873213256286682	0.616088305109303
ALCL_15	0.013122158768695	0.03853374837713	0.115170813129817	0.041323657853346	0	0.103793637944838	0.139683719801519	0.012384449067195	0.013637639249064	0	0.024352525737944	0.040026433551018	0.030995242972482	0	0.016803385258868	0.238552086260418	0	0.01285960042209	0.126139184295723	0.000991102926573	0	5.71236707068494	9.38967302709632	0.03163061438328	0	0.623915966225469	0.818944856157657
ALCL_16	0.007141572257228	0.066866588115055	0.038696472428543	0.120548878370061	0.059056424906592	0	0.138115796250511	0.062852306814436	0.075599743018787	0	0.080869705947987	0	0.017712637927729	0.067516515231285	0.171742621231351	0.078131701233766	0.006207038844224	0	0.005899284463923	0	0	4.4378601314112	5.99809308987934	0.003042712958525	0	0.799478715301797	0.687715481051985
ALCL_17	0	0.014199380634123	0.016491782179908	0	0.138196910820892	0	0.394691690207949	0.015126647062899	0.013473703603055	0	0.166802773412494	0.06163483392229	0	0.016432431004551	0	0.103764892855354	0	0.020963715398775	0.005583220042409	0.001063713969691	0	4.51523162824987	7.88337816762321	0.031574304885611	0	0.660485494349024	0.76841088976027
ALCL_18	0.00392941375458	0.022054320331515	0.028936766455825	0.076309491505029	0	0.023409846494055	0.13238867926459	0.093080763898415	0.01707755516967	0.061995277971325	0.168458857155819	0.092029653880435	0.028615892261702	0	0.091848864016365	0.09769679444507	0.008028171780574	0	0.054076162222993	0	6.34893920379774E-05	4.46424110663322	9.07485959112112	0	0	0.727845742425626	0.714717981802399
ALCL_19	0.062304160867368	0.064754446284157	0.023872297555128	0.008289926318388	0.105360621017165	0	0.341446237343865	0.110478760174134	0.061110959176145	0	0.05419335220064	0.070986158213578	0.002086279405733	0.029476235402945	0.015640475776164	0.045617546233852	0	0	0.004382544030738	0	0	4.86105418705238	7.56726099462081	0	0	0.740861818371522	0.718463348801595
ALCL_2	0.017662317519649	0.04008178934965	0.106371619044126	0.085488725493578	0.014632843143646	0	0.347333830447607	0	0	0.008074938874984	0.065434995418571	0	0.0224190281464	0	0.043216837090369	0.163021941152757	0	0.004218835067509	0.048644714974912	0	0	5.78572908194273	9.29975464600962	0.033397584276242	0	0.7722430990006	0.739891024111196
ALCL_21	0.082676733228259	0.230206392502629	0.136218008840168	0.046973715813834	0.034387187755371	0	0.116742671447444	0.045271228220649	0.019304253463441	0.042371827843321	0.023412897628781	0.032309065775304	0	0.014190235428959	0.080161592972571	0.065690690957805	0	0	0.020735136577057	0	0	4.93786138953601	7.23771381276239	0.009348361544408	0	0.858466603850845	0.610949973161616
ALCL_22	0	0.024542318900902	0.012725732675248	0.041984068275491	0.023956178287721	0	0.190311851305137	0.004324726445467	0.005211985325474	0.029518370951685	0.049916843709102	0.068765882861756	0.220796411635391	0	0.128115950204755	0.126063732141967	0	0	0.063824537742357	0	0.006102676424064	4.86574844784515	8.78838984467785	0.003838733113485	0	0.691013507998041	0.767157253837603
ALCL_23	0	0.050982692446263	0.041284307623368	0.009082991683601	0.010343241065552	0	0.503249180111542	0.004797641210225	0	0	0.149092711231473	0	0	0.008239075459727	0.0146373387914	0.144787718473269	0	0.009597830299051	0.027262740315241	0	0	4.74449057973139	8.60514990710823	0.02664253128929	0	0.566613646162537	0.834287425049133
ALCL_24	0.022598242246858	0.023834587202672	0.144098417900405	0.099697351774893	0.048594174557693	0	0.260970356464689	0.055762550606681	0.012807791891098	0	0.074019121825642	0.044347376348979	0.051189389362348	0	0.049202839426985	0.060217400284652	0	0	0.023142999481974	0	0.006988916994414	4.67256648965665	7.37754730462955	0.022528483630017	0	0.762209802050322	0.7186797870937
ALCL_25	0.034785970274824	0.05304469973047	0.096728336001441	0.053034755747262	0.000578273148219	0	0.010983806693829	0.142908164047098	0.003372146617998	0.097220342038593	0.040502665525673	0.20293829074103	0.009306710518243	0	0.054179964004967	0.102832514790304	0.013673622088967	0.001851554424297	0.071874486287606	0	0.004457147150386	5.0240463079736	8.79159895121206	0.005726550168794	0	0.709197775537557	0.72626094581885
ALCL_26	0.055178352774857	0.130975072155367	0.072235432819177	0.059356989490349	0.06306811572273	0.039912788475726	0.244957941145059	0.043043227977305	0	0	0.059791157891946	0.034595995561695	0.004425232672311	0	0.03382280332441	0.127133013393041	0	0.000685812605753	0.013146367125099	0	0.001288915640682	5.47363721673997	8.48569175126281	0.016382781224494	0	0.785880975603179	0.710822377610141
ALCL_27	0.087879483661255	0.063110775949908	0.025346465229506	0.112048185674968	0	0	0.157460320552325	0.057340887203272	0.018112376271611	0.029655645172992	0.056218046010778	0.090365132061825	0.024604225293637	0	0.133107940787136	0.107422903021661	2.89834176767427E-05	0	0.035270179412636	0	0	4.86513036641465	6.47288176105525	0.002028450278814	0	0.772659585957372	0.701123106667584
ALCL_28	0.160822526336402	0.140436302235611	0.100843891566789	0.118824315053042	0.109075536431787	0.052683531230648	0.046602303887685	0.005526000210402	0	0.035289437812129	0	0.008771378783294	0	0.023844350816596	0.041552611740923	0.131103354286199	0	0.001297968980936	0.018767958408146	0	0	5.96553022611428	9.12297895771326	0.00455853221941	0	0.844406288622786	0.635109819970477
ALCL_29	0.012743768848547	0.027496183696857	0.013159206702493	0.224210007166643	0.010599777849687	0	0.226386076363123	0.088564735358023	0.010917641145679	0.100528923944229	0	0.016442766185834	0	3.76667928332868E-05	0.097467010682213	0.099648066187669	0.009530492275505	0.014348267654622	0.031495990025407	0	0.001753750354506	5.25223228035776	8.20225974459671	0.014669668766132	0	0.647039528028615	0.782044685095037
ALCL_3	0.026763739332119	0.026249748026188	0.117532695755125	0	0.02175334622285	0.029243067916872	0.317445792742761	0	0	0	0.091237342303457	0.007514101563939	0.02722080245949	0	0.01053904188232	0.124957012242533	0	0.01407914528904	0.145197330194378	0	0	5.56242219886423	8.76339565920142	0.040266834068929	0	0.614333435124797	0.821408067534402
ALCL_30	0.029246390528847	0.077684884622617	0.024156473008586	0.046465003181658	0.029562482151181	0	0.288221030025168	0.048624110003179	0.019009124575218	0.013169123223593	0.059677333236095	0	0.101484312703955	0.005713977119304	0.092292593008213	0.065295860354266	0	0	0.060326841580217	0	0.019825874799973	4.79932725653511	8.20197444980009	0.019244585877929	0	0.740873512872836	0.759127180418409
ALCL_31b	0.023466213020024	0.040342609684682	0.089919906320265	0	0.062156205879351	0	0.268258411624892	0	0.008150226689908	0	0.143173615444354	0	0.034995071673362	0	0.065535040196268	0.182074788654544	0.005023311927687	0.000739343314443	0.055319311831633	0	0.001157292688864	5.02336075359275	7.57318169961538	0.019688651049724	0	0.683753690247938	0.786146352757427
ALCL_32	0.004159928712607	0.080822668641816	0.036362462974282	0.029070183961139	0.072316424311227	0.006594921545875	0.341336472692901	0	0	0.001806714035128	0.063184225626692	0	0.069374366983056	0.001230108802276	0.11573249769974	0.075753971586301	0.004230040253734	0.000458366246779	0.066912303728694	0	0.030654342197755	4.98291974767804	7.8014836043452	0	0	0.786438585015981	0.731667042715084
ALCL_33	0.014512363586075	0.065559803376768	0.00975653897612	0.018445169683691	0.060379167037731	0	0.208010957727577	0.019291914392132	0.005499179645206	0.014920465720819	0.059976416669642	0.079508885863038	0.055105660097735	3.70559729721303E-05	0.180526527591361	0.143316354346163	0.019005442824997	0	0.026733131590596	0	0.01841183005994	4.81526605302902	7.10786919484291	0.001003134837439	0	0.696673916940798	0.753690772247788
ALCL_34	0.004090079701087	0.017296030771138	0.117843240843437	0.044551928105743	0	0.036015732083646	0.014152604140643	0.03263971261094	0.078796099123077	0.016874258343808	0	0.016717188669289	0	0	0.021817393097578	0.389224937749938	0.01356318245558	0.079685983451147	0.072674513620921	0	0.035972534247567	5.47618653150558	9.28586239706383	0.008084580984459	0	0.670151096353059	0.787837852165775
ALCL_35	0.072122716487994	0.055261145112622	0.174851076516036	0	0.154292867854043	0.00180445668813	0.237009521392173	0.00412201151327	0	0	0.146830960797157	0	0.000468832878961	0.011719201073928	0.024841796371831	0.064706068139029	0	0.001299685606891	0.037198877879638	0	0	4.71227232322025	7.80550035049236	0.013470781688297	0	0.83867019505838	0.656494867589334
ALCL_36	0	0.084300650165117	0.103164496075538	0.047785504341536	0.030604063106978	0.001729019405283	0.331941696171112	0	0	0	0.081942402295576	0	0.006884492855182	0	0.013490377498041	0.146495333425461	0	0.019068311015173	0.064230414094986	0	0	5.46219399708782	7.54159068620991	0.068363239550018	0	0.641321549418547	0.807684251200535
ALCL_37	0.061663130046495	0.065706769467397	0.227342177078664	0.042288214446317	0.013687123300214	0.005371584601681	0.156679208309539	0.014005544186894	0	0.048091219620874	0	0.052511572107595	0.069320591414979	0	0.084643889120056	0.071914289074483	0	0.000327238707727	0.049167630577872	0	0	4.82064216366782	8.08852918146685	0.037279817939215	0	0.848113307413396	0.633433690104697
ALCL_38	0.055123543334872	0.059467745441948	0.136186065140428	0.063222998446084	0	0	0.116396240342431	0.031926922418973	0	0.04124147822419	0	0.117577639761808	0.058978694271536	0.012858220475665	0.106953948755919	0.103946488206827	0	0	0.02673562993926	0	0.061678237562864	4.95094254403247	7.74045369761542	0.007706147677196	0	0.798274023360862	0.689854498208651
ALCL_39	0.002110289958875	0.033667431628965	0.004179961063487	0.217577062251017	0.00362382474015	0	0.319392046113454	0.015090893746521	0.007567319858173	0	0	0.161543922742499	0.066246924678217	0	0.091758924112226	0.046695192916866	2.26291646721921E-05	0	0.014374049242091	0	0.007975839945667	4.5040076171952	8.53670761228027	0.00817368783712	0	0.744507088436176	0.700651921394733
ALCL_4	0.008974207665766	0.01609538388523	0.014287146051915	0.143181183710773	0	0	0.226549610618074	0.049578212634606	0.031605518465938	0.018937167262857	0.009927277652339	0.014886243068707	0.073732741745726	0	0.152369007874412	0.158302087653635	0.002153468702552	0	0.061932266379863	0	0.000760175803822	4.88234873763212	8.04344157888558	0.016728300823786	0	0.754505844880597	0.734656069797084
ALCL_40	0.010556501111902	0.039016417243213	0.109920392474741	0.057467756756055	0	0	0.190104562425093	0.005346687331233	0	0.002772383977133	0.044196762760933	0.029095791959735	0.134694684607835	0.008913883973068	0.117193980678825	0.121523108432495	0.015274956143469	0	0.075575002135642	0	0.022562205577976	4.93380799568783	8.67127842896001	0.015784922410654	0	0.746876248255255	0.751501705324385
ALCL_41	0	0.080798472303223	0.04349619446079	0.076804952069552	0	0	0.164120679964228	0.03045930547968	0.002147235442866	0.043146801041339	0.025325199832663	0.007832506477265	0.084791498846753	0.015110417482895	0.170041307323816	0.168431818849058	0.026669413391834	0	0.046262212647418	0	0.001363573868047	4.65337656049602	8.46150513267504	0.013198410518571	0	0.710605820754186	0.761370079528998
ALCL_42	0.047620465426182	0.117081838214932	0.183463897127346	0.05312874067349	0.085595460874882	0	0.190070179383791	0.032123739044767	0	0.02357444166942	0.024117940397934	0.033477661071297	0.049042126369808	0	0.040636412502091	0.054998669935345	0	0.002003694451587	0.032565640911246	0	0.006973837175282	5.30801261767312	7.50618266597359	0.023525254770602	0	0.843828629289933	0.648791924129099
ALCL_43	0.046846373544998	0.108318829241988	0.112224966809528	0	0.028760678414638	0.062075030807943	0.17363102269467	0	0.004302064960048	0	0.03558046053567	0.00013389134364	0.118586606650218	0.017886551832677	0.160281809812672	0.105500812629207	0	0	0.007592966646556	0	0.003821869191524	4.93123218158832	9.02393608577745	0.014456064884023	0	0.699976269190204	0.757083138477067
ALCL_45	0.021293159632089	0.034106917547852	0.062244971966925	0.155380775527137	0	0	0.201494241593704	0	0	0	0.002267233458963	0.084570850174383	0.076705516358611	0	0.116303940263584	0.13762210588165	0	0	0.051518540596095	0	0.005057958572627	4.7769681464797	8.44991119071353	0.051433788426383	0	0.699945308419994	0.766373479550999
ALCL_46	0	0.022272865451193	0.023926839144349	0.088176564983454	0	0	0.297420635531665	0.046722395224051	0.000400450000294	0.045676933492946	0.263180256044059	0	0	0.004706779232494	0.094979897817247	0.09035064035729	0	0	0.015141979006847	0	0.004392447460823	4.77482245857644	7.20761769669724	0.00265131625329	0	0.825938811608557	0.634773036468697
ALCL_48	0.00621709732667	0.003721622252139	0.020666504663964	0.109255588513109	0	0	0.405894270627235	0.01609386320779	0	0	0.074399105930068	0	0	0.01338383424337	0.083039059894336	0.12633061590904	0.009557722979634	0.019641119239463	0.102282311643939	0	0	4.8763561649992	8.65001262854187	0.009517283569242	0	0.755671661640004	0.73961854084216
ALCL_49	0.04793102948671	0.122160582160805	0.140632350663332	0.051314839191216	0.097097327808551	0.116294193773049	0.036609786794855	0.08435307618904	0.010890441659672	0.032298932692022	0	0	0	0.0192613774736	0.047109082127686	0.180333952375905	0	0	0.001554481061904	0.005183376885826	0	4.5949186537303	6.63187343458785	0.006975169655829	0	0.839506286259382	0.655163008323062
ALCL_5	0.014959662156275	0.046348682900779	0.020670085086838	0.102253281198244	0.007798392296726	0	0.241169079778926	0.051086059259128	0.018725291172929	0	0.028581861721054	0.036988874513756	0.09962816797927	0.0155441733335	0.120938285539063	0.112750926099489	0.007374651844952	0	0.044615302640807	0	0.013602861469515	4.85325763017917	7.93445093348764	0.01696436100875	0	0.747055117452977	0.747984987871932
ALCL_50	0.02201609090765	0.040530295219721	0.17296672732188	0.053572592302973	0.002281449798337	0.068813853928066	0.138202729880545	0.01753145711907	0.003156407521719	0.009827654527009	0.034613005594147	0.003640262509529	0.053994718243096	0	0.103682604991665	0.188466971356078	0.006220215134965	0.000242918843413	0.079369810823018	0	0	5.30617287947203	9.77157171475449	0.00087023397712	0	0.760037235625736	0.732657134180006
ALCL_51	0.017575699177016	0.083792702286131	0	0.181506348846218	0.021348621135762	0	0.182346953659085	0.055638734885392	0.065736544027648	0	0.038800365735061	0.125179051041699	0.047861125572246	0.003573414385058	0.10129537896449	0.04894043214819	0.004125700965434	0	0.018566495395337	0	0	4.75868523252983	6.39931086135422	0.003712431775232	0	0.775395089947865	0.685139833826339
ALCL_52	0.001388379704303	0.011210582275353	0.009958888766339	0.230772571153541	0	0	0.307287838588629	0.059986217058218	0.05293478722559	0	0.037830027760107	0.066859521231526	0.018463505577645	0.011527768936615	0.051609073099975	0.070048807877862	0.004743527825335	0	0.052520187648064	0	0.003904341736821	4.62693471763457	7.33633910859825	0.008953973534077	0	0.753311580014998	0.709396213312428
ALCL_53	0.00236771050002	0.102159979214846	0.068124502617938	0.012322647419426	0	0	0.270387774613893	0.006933540509389	0.014247932343462	0.008995353133545	0.118444014640157	0	0.129027730256576	0	0.074364694511466	0.127188424805036	0	0	0.06367911977886	0	0	5.26817262261881	8.59775532036389	0.001756575655387	0	0.783446013257217	0.737045735931202
ALCL_54	0.05661517739214	0.027252116986611	0.052631083913622	0.137616502216362	0.014143789956406	0	0.214237015245266	0.05317100344334	0	0.035846083356126	0.069365965575657	0	0	0.039735844244616	0.148611334147733	0.12754900947849	9.2780438155893E-05	0	0.020576063227926	0	0	4.72306243417068	7.69576565536105	0.002556230377551	0	0.826098116491823	0.680774046304457
ALCL_55	0	0.00826259691459	0.003866535000231	0.297352035767518	0	0	0.249344364475658	0.040776579028988	0.054560590820086	0	0.164955988678148	0.053924154434271	0.049480702316043	0	0	0.057731577004343	0.003992660313253	0.001378161497692	0.012594855046765	0	0	4.42026492359195	7.04360472826648	0.001779198702414	0	0.748009164430502	0.68570257908022
ALCL_56	0.062898609343035	0.126450819237856	0.082485489772809	0.126219450417342	0.115516183963803	0	0.124618076459888	0.038000353003009	0.005055123240552	0	0.051953338814949	0	0.015333423656866	0.037124246546132	0.097145341519921	0.083484566674762	0.004303460802989	0	0.017739996202194	0	0.006889928379754	5.20628420790142	8.23205983664264	0.00478159196414	0	0.84636987771489	0.667254179671682
ALCL_57	0.003421663359035	0.057554296615327	0.016190125050315	0	0.089887295100801	0	0.26720052598587	0.014324513547343	0.010087273285894	0.016058523246797	0.100184633180051	0.057843240323392	0.032164495920828	0	0.138815172038638	0.098267299277834	0.00017190419409	0	0.032796424285354	0	0.017164894949204	4.95926347571086	7.12590883734145	0.047867719639228	0	0.763130953853428	0.717727185777481
ALCL_58	0	0.040882371343644	0.226145468245144	0.143716300360667	0	0	0.176121428705882	0.030801833683155	0	0.022109475693856	0.030137464225238	0.039005753710681	0.036115776196038	0	0.109302388145392	0.123458617224806	0.006307061680245	0.000137595428071	0.010014560943305	0	0	5.2506544535113	8.67637610336696	0.005743904413876	0	0.865634367187542	0.62433952556945
ALCL_59	0.034783201311841	0.019492335447725	0.034261800134179	0.222021357425045	0	0	0.158948413743766	0.11006752390812	0.035315546870221	0	0.056337159252849	0.008457953482155	0.032995342690975	0.002880919428508	0.118056955157103	0.122258692308697	0.01267863094393	0	0.030671853700341	0	0	4.90280896484879	7.2177948209205	0.000772314194545	0	0.757836799916409	0.722113758936861
ALCL_6	0.086489415567485	0.068872537913082	0.050705304098937	0.168839996502331	0	0	0.168090517376483	0.059015593765646	0.028847802734872	0.095546909882726	0	0.012773933646404	0	0.061389318059513	0.091632698540691	0.080929567758647	0.004087677966499	0	0.018257570968863	0	0	5.0136731188691	8.51796640867815	0.004521155217821	0	0.832254500470445	0.676174785893126
ALCL_60	0.029661967578503	0.044592681943455	0.101392049685328	0.112819791653251	0.017646038974268	0	0.288650473631715	0.032791672669267	0.020730555696069	0	0.08898007535643	0.010826533718517	0.010133945368151	0.004592651359242	0.063566730912513	0.124787424567395	0	0	0.045835086343176	0	0	4.85899410015479	8.00732808392658	0.002992320542721	0	0.768607577467179	0.727568967141404
ALCL_61	0	0.034864320305508	0.052683431351785	0.221942260982818	0	0	0.126047342700758	0.125231428498024	0.017126441957053	0.105096338230503	0	0.07334639603554	0	0	0.090833083717161	0.091090060744873	0.012813352841436	0	0.018525538373601	0	0.011631180124976	4.96849399443346	9.69367827580504	0.018768824135965	0	0.777072545044037	0.688324004611745
ALCL_62	0	0.022410258276642	0.040010537931005	0.008762430970815	0.043702180786813	0	0.545848971432729	0.015061654738633	0	0.00783431227278	0.059880249449309	0	0.002494081951354	0	0.026905293806202	0.196383816664265	0	0.003886204483009	0.004107840713331	0	0	4.83646427277555	7.39724905616048	0.022712166523115	0	0.588420485966318	0.825236862236718
ALCL_63	0.042117657716538	0.011927737733982	0.149385530098348	0.079162493932268	0	0	0.176285570132975	0.032901523481456	0	0.038015838876764	0	0.046832086836661	0.052794961923337	0	0.08536251254138	0.167286488394484	0.000809470328393	0	0.08731425693729	0	0.0014822581666	5.08670718492419	8.62317112564124	0.028321612899525	0	0.821082030626785	0.703138452884726
ALCL_64	0.008161943625611	0.111614768276714	0.124483361318791	0.149704146475562	0	0	0.197539025016086	0.062185719768548	0.003576636641272	0	0.108270440522605	0	0.032839356793189	0.005727475606188	0.072893509127798	0.087714260013855	0	0.000107414156886	0.031787929325736	0	0	4.94552612309452	8.39847958376211	0.00339401333116	0	0.848755274588367	0.664457928609695
ALCL_65	0	0.016120608131243	0.021415608508153	0.12273089118225	0.065485948602196	0	0.264719143878449	0.038665988915573	0.008487013666144	0.067054898143004	0.202108146911979	0	0	0	0.003883275705734	0.128636051762954	0	0.013824798449969	0.033140167828429	0	0	5.06093988092422	7.81736338616045	0.013727458313923	0	0.723681351069968	0.724568079164527
ALCL_66	0.052316451889546	0.068142810051155	0.156532307040481	0.062872038136106	0.007792550407246	0.067121846767568	0.08368084346091	0.004910012780548	0.004192926578123	0.010136734275963	0.061318753383138	0	0.080550390735772	0.016892079031633	0.062588945880375	0.187431998106115	0	0	0.02542243648834	0	0	5.41820933731702	9.15100853453866	0.048096874986983	0	0.741229746081586	0.739959167900848
ALCL_67	0.006098334506198	0.019061064038723	0.007046842112108	0.321448795703705	0	0	0.211569159260776	0.034050703492156	0.045524160992315	0	0	0.117789718972412	0.032485082532698	0.016548931348267	0.05014362000598	0.081047697570418	0.00662263147699	0	0.043614030070461	0	0.004363307719713	4.73770667940062	8.8723286695428	0.002585920197081	0	0.73861069056119	0.711247205233286
ALCL_68	0.01347872787846	0.097873208250143	0.066618473773251	0.054683625626854	0.178389218274025	0.032409117279853	0.050183819364794	0.252641079003741	0.021046174145249	0.019699343833625	0	0.002678168944568	0	0.057848551428884	0.066914775899108	0.042443738715123	0	0.007378767346519	0.01935990300288	0	0.014966064308335	4.1498455970042	5.31413522739035	0.001387242924587	0	0.768317382221222	0.694897304293819
ALCL_69	0.013011527815411	0.014861277360245	0.025176209581413	0	0.136364249935241	0	0.444260357359355	0	0	0	0.107420038267386	0	0.013627156993997	0.054249239651835	0.024271491125566	0.091007698922993	0.005379557117443	0.007632894004942	0.037673254072776	0	0.006227416462872	4.61909965078536	8.75600565706705	0.018837631328526	0	0.616630426749387	0.813363942442824
ALCL_7	0	0.036332456456171	0.028341823000778	0.052051023838539	0.060231286069188	0	0.222440353899423	0.042158841767576	0.041503159398419	0	0.032155479433042	0.128040232598318	0.021893679724122	0	0.08155526092892	0.10903384968705	0.017126101571795	0.045060598520931	0.026860047770447	0	0.020678193586801	4.90444189927709	9.16537134581313	0.03453761174848	0	0.703529795166946	0.754393258721525
ALCL_70	0.065149965539188	0.134396793549328	0.182599355760568	0.03456201001833	0.070781978780029	0.009663419321572	0.167414711489676	0	0	0	0.097320092891928	0	0.032616502800459	0.020187731841135	0.083058160158129	0.074728604273339	0	0.000218417440668	0.016846230656365	0	0.001088741633223	4.99968562211168	8.63368052702765	0.009367283846063	0	0.866165380462375	0.623630009126941
ALCL_72	0.034646308883349	0.035909844486889	0.125447210245976	0.073182417322018	0.055656672303065	0	0.347409782346176	0	0	0.012289842326593	0.029348243020554	0.009479138479285	0.011266644993225	0.005031386655894	0.075722193526006	0.093571453837731	0	0.000870736511898	0.070699758453626	0	0.004663197492141	4.70765836231054	8.14515053333626	0.014805169115573	0	0.836422664619389	0.693171230175561
ALCL_73	0.012733037673707	0.059145792892716	0.081476053908066	0.08336813026478	0.110248552288752	0	0.229648683894344	0.034341419764349	0	0.012391611546848	0.033501557881881	0.054411316525386	0.004146376976367	0.0842000649408	0.10094035589706	0.056807950272104	0.007033626551731	0	0.012546485770154	0	0.017848300642334	4.75027799874825	7.92570150861092	0.005210682308622	0	0.782201009544925	0.714267262487903
ALCL_74	0.008303485576521	0.029029280117381	0.131229264929457	0.03143952343094	0.038957179843551	0.054030296930672	0.036380656761898	0.011047487774252	0.003314759067753	0	0.068271525614936	0.106269767990896	0.086848688059871	0.002940629143428	0.186748319188531	0.193732249334593	0	0	0.011246913050139	0	0	4.90180527082638	7.69231705236409	0.000209973185181	0	0.734363198417201	0.719686200913764
ALCL_75	0.026523065259839	0.062198286718982	0.084629322628968	0.038834610434131	0.003204868142447	0	0.312436905785547	0.05073319370345	0	0	0.059628870734058	0	0	0.031275097287328	0.08910920591639	0.135670242534158	0	0.069518784925089	0.024461698552533	0	0	4.86925960517114	7.56240795780783	0.011775847377079	0	0.690486566883413	0.777889891495755
ALCL_76	0.008184665562782	0.023667159111202	0.010449496101996	0	0.0748598493759	0	0.494576658462746	0.00387895588413	0	0	0.128082070062746	0	0	0.085822037920285	0.005743390945594	0.091323263596058	0	0.005063642070145	0.064603821006358	0	0	4.80705735246937	8.50317445412221	0.003744989900058	0	0.720013970190706	0.752605511906477
ALCL_78	0.129192201999081	0.112490769265962	0.019988635040123	0.095257827344074	0.100183829187877	0	0.12240454279566	0.158308949508279	0.016952342388585	0.015578257225776	0	0.042983524924127	0	0.033098688636608	0.111558838993797	0.033600709449197	0.001262494942023	0	0.005416262248347	0	0	4.63002671039201	6.31203418388962	0.001722126050485	0	0.844770398656298	0.640498385782395
ALCL_79	0.049319607005621	0.00499089252329	0.322275567020557	0.04875209483017	0.154134965229344	0.083820784353218	0.04944193338061	0	0	0	0.008265030002939	0	0.000462355060373	0.017079044091678	0.015303814882284	0.223506742552045	0	0	0	0.019068237472478	0	5.55365106733276	9.29786031852704	0.003578931595394	0	0.878869637891492	0.569175298632979
ALCL_8	0.031336998527031	0.054290559017766	0.166376680178676	0	0.003549330741419	0.100119368808166	0.239844758999354	0	0	0	0.04415910121468	0.026675570232585	0	0.049707537593647	0.013691188595586	0.182283843025839	0	0.034377755967553	0.035279341422814	0	0	5.36106281310873	9.29900660639696	0.018307965674884	0	0.697885519804408	0.769011760105167
ALCL_80	0.000326711515816	0.003924552835623	0.044309511869712	0.013239943506712	0	0.075147159609078	0.33049267885628	0.033136148698415	0.007120753858857	0	0.145508817434302	0	0.000172622129881	0.020727111221768	0.034516538131657	0.177510308273739	0	0.015777572525684	0.064303495736191	0	0	4.86934570201122	9.48646046525755	0.033786073796285	0	0.732364502384182	0.756576467709375
ALCL_81	0.005941460096985	0.045166700655823	0.033398514873294	0	0.037152325892738	0	0.246769793945576	0.099013154502036	0.116240665614812	0	0.111426117046757	0.001097726809457	0.060322374106913	0	0.017330226473393	0.149862868352455	0.004197319505341	0.001921523467693	0.049888708405627	0	0.012726074491158	5.45246802318425	9.27773401814183	0.007544445759944	0	0.672166677700848	0.787135115841553
ALCL_82	0	0.020943284445012	0.013125207634191	0.00597468297734	0.097170384486825	0	0.283714907555073	0.013253006489441	0.014470525748791	0.036419597482754	0.074412052330024	0	0	0.013239134180785	0.038185158182451	0.183862954657083	0.001146079889363	0.03375710739958	0	0.039106463963984	0.013293010429193	4.18903557186085	6.89800459999255	0.117926442148111	0	0.526806610373352	0.858537344012633
ALCL_9	0.026464794714167	0.00935488690616	0.030818586595824	0.144710106844394	0	0	0.154345521560429	0.116624411220212	0	0.063608532564041	0	0.087826469205295	0	0	0.118907669380197	0.152200578132841	0.01561766342681	0	0.007706172656521	0.008885093748595	0	5.23152081990475	8.69778466270438	0.062929513044515	0	0.605272922515086	0.808315246777328
LLT_83_bis	0	0.00658242036049	0.00801962145075	0.126727975563327	0.003361179311432	0	0.392259897635602	0.010817393807306	0	0	0.158170429478976	0	0.006742845829407	0	0.097663497467234	0.141830957650075	0.021684971435105	0	0.020684846901639	0	0	4.59722695397032	7.98714948414047	0.005453963108657	0	0.705547914505929	0.7473304257291
PG_LTNA06	0.004233921342252	0.099858470266384	0.059633401661996	0.272579937150478	0.026709871688605	0	0.069393213975485	0.177213579657626	0.027661936619702	0.032540044685607	0	0	0.007747195259588	0	0.089430185485792	0.077100133033188	0.010816153420349	0	0	0.019012068141362	0.010003071201963	4.3787269665514	6.60585456534627	0.016066816409624	0	0.682594814836515	0.755177446685863
PG_LTNA09	0.000788996805567	0.043325070264813	0.100648154989464	0.21595194278219	0	0	0.099065656093919	0.055341019843469	0	0.143453282478638	0.041221894693334	0.103247737555951	0	0.033879882590604	0.072606175921087	0.087588062279244	0	0	0	0.002882123701719	0	4.38989182633062	5.93261860718529	0	0	0.795808743776197	0.655991958607561
PG_LTNA10	0.095789718798219	0.094892087102769	0.051716525625356	0.0668131077865	0	0.045421361023187	0.082567208120771	0.2109641436077	0.0235784872384	0.036576649465622	0.048795253074146	0	0	0.039712189210001	0.077038020567085	0.103362786677091	0	0	0.008659945935425	0	0	5.11466802929817	7.54098487165842	0.01411251576773	0	0.814979979617589	0.681677000042535
PG_LTNA132C	0.005969455905948	0.06607535045978	0.021175968587967	0.074321994029391	0	0.072418665536398	0.071152251857371	0.53666254912744	0.036699594646834	0	0	0.022506675152034	0.02252586493325	0.024621948744371	0.021294429777408	0	0.001671886148249	0.003561837520745	0.001468060317681	0	0.00551506567862	3.79288384010467	4.33194257962883	0.012358401576513	0	0.909093814510407	0.50711796981363
PG_LTNA138	0.056470759988891	0	0.198688902425271	0.054462605276177	0	0.112305238698472	0.045675827199411	0.172928581707867	0	0.084223349727221	0	0.01244368132178	0.003501132441082	0.053494986369116	0.056748666468068	0.122020307486792	0.013941560817375	0	0	0.013094400072477	0	4.70727698835295	7.47366429986092	0	0	0.819383628012469	0.664519464186003
PG_LTNA14	0.043147280775516	0.097124541068759	0.018930759130795	0.067149542291173	0.371319046429978	0.024207595146583	0.000972567904884	0.11268581987292	0.043690654727772	0.013047026945996	0	0.007117003087213	0.002975769777914	0.045118785485159	0.018160684450476	0.064625647518298	0	0.020024777668973	0.04816486044332	0.001537637274272	0	4.16456218866942	5.95336088384069	0	0	0.835749775799842	0.634523505042226
PG_LTNA140	0	0.113997246318783	0.087733967789956	0.106161577661777	0	0	0.016797944140453	0.276295651058809	0.020689601409655	0.016481683007287	0	0.027717883143511	0.031902490492557	0.115226882657358	0.087606609878882	0.072804123894341	0	0	0.026584338546633	0	0	4.75482245988985	6.86176773833718	0	0	0.848134507792275	0.658818832807312
PG_LTNA15	0.063391506372704	0.010467085677957	0.05329068807	0.04064849586342	0.149396439660932	0	0.084073958894113	0.280895735291527	0	0.100404068542698	0	0	0.007944922703398	0.01045196600558	0.069411920898516	0.095460858515037	0	0.022128609181032	0.011904066724671	0	0	4.87228228092533	7.01178618449773	0.000129677598415	0	0.783696933142974	0.687934223017973
PG_LTNA16	0.003772444982749	0.071668420128652	0.046366872324075	0.032910535386457	0.110161083134868	0.113981671293956	0.035964592066461	0.126901421979877	0.100669818787881	0	0.025562028528092	0	0.007852294319667	0.159822202341599	0.06934973742242	0.066579803602754	0.00647593277221	0	0.021961140928282	0	0	4.4554888072135	6.70581952364505	0	0	0.840588004633193	0.665557065687844
PG_LTNA173	0.018936862696752	0.020716272262942	0.162975002886703	0.159024101937807	0	0	0.088603777683031	0.169174064911036	0.036534292094838	0	0	0.064818914163171	0.007288113777703	0.088092574192553	0.069103487863588	0.057842653613873	0.038187659397433	0.009875845371813	0.002673381680829	0	0.001315451173134	4.5874990561989	6.22931172477879	0.004837544292794	0	0.836722814228727	0.660280776839547
PG_LTNA174	0.020056166593306	0.058388233637569	0.037850830019683	0.180375859265726	0	0	0.106094451112374	0.135081762153949	0.010321277889486	0.029847858157647	0.00460747317464	0.008079448996105	0.029216141246211	0.094572736852811	0.181159978739518	0.077479802275287	0.015646815841839	0	0.006069595814589	0	0	4.75815761582644	6.97853880625474	0.005151568229263	0	0.823389219708977	0.670430127965114
PG_LTNA176	0.049657241967556	0.033603432899054	0.240675742643627	0.148959991731389	0	0.015473021458758	0.041784764382779	0.081901945626325	0.075622274148754	0	0	0.043351962498753	0.004606282246202	0.048311521482027	0.073109407681307	0.123621655596852	0.005292548144465	0	0	0.013892512685416	0	4.83594441301561	7.0944410200018	0.000135694806738	0	0.873580257630942	0.601714804643256
PG_LTNA177	0.024110268112488	0.026878344040548	0.0392200138638	0.198162235058219	0	0	0.046522575562328	0.154489287433198	0.171085601979725	0.020005942062884	0	0.0255855330033	0.021456988629697	0.011972788326122	0.072095128973629	0.168118004958126	0.010873393424768	0	0	0.006793970977555	0	4.57997685004419	6.62844737624901	0.002629923593614	0	0.807494844070047	0.674343855802491
PG_LTNA23	0.055241294433799	0.111967202884362	0.067093043483848	0.047495407724845	0.060090708241236	0.169019028341881	0.049023784027219	0.096613950730407	0.035736235022683	0.018315721932044	0.008873329469538	0	0.015811103890724	0.074103032313933	0.11800128006973	0.048391745675153	0	0	0.021177540809829	0	0	4.73183683001936	6.1900698358396	0.003045590948769	0	0.845356097027544	0.656924570013787
PG_LTNA25	0.004371069715082	0.035873437172535	0.024357972153892	0.234325934921455	0	0	0.037659326846079	0.322851352384327	0.067388766275675	0	0.006605259150215	0	0.004824298140386	0.1333418849654	0.103291421191337	0.021124267480581	0	0	0.001876853965976	0	0	4.30762967682078	6.43708611792472	0.00210815563706	0	0.883841255671639	0.582747070037316
PG_LTNA26	0	0.048172652758764	0.16006530722692	0.108705487218632	0	0	0.151067002716962	0.052036735991337	0	0.024621744523692	0	0.036313931845669	0.011511364497096	0	0.22096922071838	0.155790117513849	0	0	0.002447088442973	0	0	4.67154446657563	7.31121203473395	0.028299346545725	0	0.845686836451956	0.629622405680176
PG_LTNA28	0	0.043677393603223	0.084587847234884	0.131792616931828	0	0	0.028034188781334	0.176498440563327	0.004131748054397	0.087375544707573	0	0.058018517313372	0.0163443784016	0.068824243719874	0.153976189449457	0.112327836094613	0.001958762316777	0	0	0.017554240482583	0.002815024385405	4.9230858913468	7.13213735695985	0.012083027959753	0	0.809419776163356	0.675269478543597
PG_LTNA37	0.041900632758143	0.101227801186208	0.126622771354196	0.147514004290228	0	0	0.027944552551511	0.18094323772761	0.006986533778927	0.072399642672108	0	0.016376792703561	0	0.113365711693718	0.108085864469749	0.05174723815404	0.000165082516246	0	0.001444919651144	0	0	5.1409036637338	7.55900947320895	0.003275214492612	0	0.856685501531617	0.634599792175063
PG_LTNA38	0	0.015200650624418	0.142271810003431	0.182390633340471	0	0	0.154457204296694	0.066093322347384	0.002016744729423	0.024864731120784	0	0.050770887984285	0.029052403767991	0	0.182266963457823	0.112796530186448	0.003107569775964	0	0	0.02155412388941	0	5.07164262226693	7.61660056167352	0.013156424475475	0	0.845856899148036	0.641107951495505
PG_LTNA39	0	0.13289644949535	0.202538325326575	0.127132558844852	0	0	0.033439798048399	0.135472470386714	0.013482160901137	0.073680915712372	0	0.052327356141752	0	0.075875170513519	0.038690814538434	0.086728973004955	0	0.013653763419173	0.014081243666769	0	0	4.90915395824816	6.49980902810209	0	0	0.76137984075065	0.694363001354489
PG_LTNA40	0.045291139657086	0.086977237817443	0.128449432161379	0.130333147486683	0	0.033289746689892	0.088236497526506	0.203827706369915	0.005143840822513	0.01326679925046	0	0.068091967185214	0	0.049037723181605	0.060404060639573	0.036527859953741	0.032888613134924	0.002642144352695	0.013024007397759	0	0	4.73296865360595	6.09156867933407	0.002568076372614	0	0.873030210133009	0.623517014975857
PG_LTNA41	0.00860602346668	0.091191246886557	0.157089562340047	0.104505623729027	0	0	0.027716211153566	0.142521520189171	0.015530555464798	0.075011556592934	0	0.039818231307371	0	0.148239905367762	0.064558539663115	0.093810373040294	0.028880511771771	0	0.001763122145435	0.000757016881472	0	4.6273885628494	6.31476930617677	0	0	0.874657708814576	0.635068752753733
PG_LTNA44	0.009712187825302	0.109898463200204	0.159917353730552	0.099611620670614	0	0	0.017181847296623	0.228267418639652	0.005656849441067	0.087602522881919	0	0.088078374119989	0	0.087487092399235	0.04442880191541	0.051899114460153	0	0	0	0.00972486701993	0	4.91222458201766	6.55071511954711	0.000533486399352	0	0.871757366990886	0.605754224955707
PG_LTNA45	0	0.034277165199178	0.057841947922414	0.271262589244335	0	0	0.051333356140606	0.151344956374598	0.024412162132579	0.071636266414058	0	0.058430676574905	0	0.050559630054523	0.076372208974651	0.095604118080304	0.025704970249234	0.017528576252212	0.011673034546863	0	0	4.61367522945871	6.42886332512434	0.00201834183954	0	0.727477061759672	0.725588751914952
PG_LTNA46	0.059231582133332	0.053009012036879	0.258465312931392	0.091114477765224	0	0	0.107428824039653	0.108949899862805	0.027458787528991	0.061541781655818	0	0.000530133773868	0.002130817696708	0.022441939570109	0.07664423855388	0.093169995546751	0.027832878274804	0.006494454246606	0.002362769193732	0	0.001193095189447	4.76349810785791	7.02869062682202	0	0	0.881891914259319	0.585002099117439
PG_LTNA47	0.05919364516798	0.009218811048103	0.110302688711995	0.204964857783613	0	0	0.027333799890659	0.169203364597958	0.018232585306485	0.100520171215536	0	0.021048033976039	0	0.074868241529677	0.069347702284505	0.088760732007975	0.010106009384982	0	0	0.030711923563958	0.004791738912492	5.30573940575745	7.70964539109973	0.001395694618045	0	0.80525564826142	0.678730598655503
PG_LTNA50	0	0.038119058573314	0.03038010104522	0.343981485699737	0	0	0.027860692144471	0.180742863549671	0.067240280713354	0.049487680392112	0	0.043551651505407	0	0.032756943609964	0.060570166619615	0.099278024806705	0.003626174834903	0.019393275458484	0.002811491089734	0.00020010995731	0	4.80696774342875	7.59218426553354	0	0	0.69545812398378	0.734998736029776
PG_LTNA51	0	0.121610453582217	0.075318428169511	0.079294569152893	0	0	0.081955127774308	0.235730725087612	0.013180622127106	0.060674617179322	0	0.039272389728005	0	0.090338482287538	0.109965408053061	0.085458841951123	0	0	0.001361607303261	0.003795766179455	0	5.4821770726651	8.18463330217565	0.002042961424588	0	0.822035007502656	0.674248037260778
PG_LTNA53	0	0.117742941342422	0.189993967063608	0.148112980763298	0	0	0.052491761127155	0.211535960785794	0.004364128696424	0.097346170144131	0	0.01075414805153	0	0.043807117069344	0.059283048705229	0.054826687270537	0	0.00773839626212	0.002002692718408	0	0	4.79024617450973	6.43034684413396	0	0	0.848425612764878	0.619613038666763
PG_LTNA68	0.041644530155591	0.05635144987052	0.062474145947398	0.087552684676451	0.012624583943301	0	0.122147577569804	0.141088998772484	0.098625535687622	0.04141790524399	0.077394578755747	0	0	0.085889789797836	0.086368194982125	0.075687243902795	0	0	0.010732780694337	0	0	4.38071125609468	5.25056769547058	0	0	0.689989182131634	0.76225986989386
PG_LTNA83	0.039980133148755	0.201366454332186	0	0.047272621272121	0	0.047918492249093	0.020602979547508	0.138609744375663	0.038325605982075	0.110802011918524	0	0.012040688066886	0	0.1677520520509	0.088085543632399	0.068035846308241	0.000317914567093	0	0.017279624679749	0	0	4.44485894547855	6.38292624726545	0.001610287868809	0	0.838168351265505	0.668818024784919
PG_LTNA84	0.008833377460455	0	0.017951282488189	0.17142113261975	0	0	0.04454847142738	0.137164431593064	0.036828575732929	0.088599751111897	0	0.020707309630189	0	0.256606891256715	0.103124507780493	0.090821539566788	0	0	0.02339272933215	0	0	4.76320495202044	7.43667267907063	0	0	0.845962111786749	0.650224023433106
PG_LTNA85	0	0.027017862320362	0.106412298345096	0.087859545091629	0	0.00918631700904	0.188058265377754	0.140091861016771	0.009811200765351	0	0.027304848082688	0.008953431863373	0	0.12847961998978	0.182595193652112	0.071328120618908	0	0	0.005318676025599	0	0.000619329310448	4.80205770175956	6.81391240893575	0.006963430531088	0	0.827097015973101	0.667546955946505
PG_LTNA85C1	0.00503248479645	0.033916498890379	0.044010496158729	0.204043613164669	0	0	0.227392708087127	0.13700654920333	0	0.041823802899119	0	0.230403764703018	0	0	0.011039246849174	0.011126621815824	0	0	0	0.040432014867549	0.013772198564632	3.81979868959515	4.46416383716265	0	0	0.885196538779706	0.533264537595887
PG_LTNA85C2	0.018998630705386	0.059207058561729	0.160657816923545	0.085960599628422	0	0.002759885287891	0.217627222599101	0.166924799936471	0	0.046164648307341	0	0.124316629104083	0	0.019187128017779	0.044893012214551	0.013155251470754	0	0.004022919012496	0	0.022224158181837	0.007471178611658	3.87490231695192	4.23516865970211	0.006429061436957	0	0.860978544292832	0.609680458346543
PG_LTNA86R	0	0.034748933239185	0.015134841220031	0.090182279853387	0	0	0.187469465306581	0.055021879871381	0.047027657490395	0	0.229329138966319	0.011824882827516	0.105528155958908	0.017524841233474	0.031111494801722	0.134801855148567	0.022944046501383	0	0	0.006370147222471	0.01098038035868	4.79413267129064	6.54344322373462	0	0	0.687841065909726	0.760387328273826
PGD_037	0.000859292599776	0.011719575742322	0.020924508091236	0	0.108794995419697	0.166891009865122	0.14403969435747	0.28227972311059	0.112260056873939	0.007752413201987	0	0.068059105299145	0.030479292273017	0.008361810300686	0.003128004176903	0	0.000631111558653	0.005985671475272	0	0.013004290992997	0.014698633290231	3.7399332417529	4.09086326423149	0.000130811370956	0	0.90267078452019	0.530603346229741
PGD_038	0.027627321427675	0.123671693056171	0.135640728947838	0.246292265598573	0	0	0.0718443931739	0.131202289015713	0	0.144116016311406	0	0.083380741111522	0	0	0.004258330791361	0.00359411353488	0	0.010892891233308	0	5.90347322809975E-05	0.017420181065371	3.65263521997824	4.13063226862776	0	0	0.824013920933446	0.614294891872368
PGD_039	0	0.041617677350085	0.011583642092048	0	0	0.551135592626159	0.032641127470511	0.322121306440208	0.016293226445137	0	0.00543450411523	0	0.00702995370671	0.002961323241958	0.002318358770612	0	0.002142127852573	0	0	0.00169817542209	0.002040951410433	3.76168781208192	4.80845669468216	0.000982033056246	0	0.880948092305644	0.51629378231667
PGD_10	0.05675862591742	0.204652195597916	0.057889424132107	0.22962973819167	0	0	0.106778415899752	0.129789065165273	0	0.137465697461476	0	0.06144623516524	0	0.001701457427283	0	0.001203128819635	0	0.006062498206339	0	0.00032306356884	0.00630045444705	3.59817908272201	4.26951393038577	0	0	0.852644684184694	0.592054060001156
PGD_11	0.004316900536662	0.026521650494573	0.013123183534066	0.031256072451689	0	0.202913741488822	0.037158579644001	0.336350162621869	0	0.301730307965191	0	0.027758383306235	0	0.004866872441635	0	0	0	0.001189181242406	0	0.00363051772271	0.007355932866245	3.72324670447642	4.25648960551827	0.001828513683896	0	0.886657493938008	0.518501774554607
PGD_12	0.052882608678473	0.08755636966628	0	0.263619470013693	0	0	0.019257695972937	0.179250034667856	0	0.36632987947438	0	0.008527917831945	0	0	0.000145837701813	0	0	0.003557107335456	0	0.00514429600026	0.013728782656907	3.72052571504912	4.47596658276706	0	0	0.822941245781759	0.591276731326068
PGD_13	0	0.001613785789276	0.008258309105198	0.023323998674255	0.012906737134106	0.135655667844545	0.166247127123809	0.400599041077014	0.04146936817418	0.108048216926843	0	0.081166058274256	0	0	8.04598053408589E-05	0.00159275954166	0.000248201701851	0.005162211262089	0	0.005871128197718	0.00775692936786	3.57630429050736	4.21218403035786	0	0	0.896503985362621	0.513235430044903
PGD_14	0	0.043957420315044	0.0051310523981	0.324479267481398	0.025696825176736	0	0.050476099706992	0.189469440977356	0.00182626770112	0.216526087240588	0	0.099907052088666	0	0	0	0.002053358056805	0.005235305527321	0.002455192808226	0	0.022169998647032	0.010616631874617	3.58212767805218	4.1654053530702	0	0	0.852225201172699	0.554267793875761
PGD_214	0.024611768770596	0.104015319734075	0.017997875345218	0.007506355141166	0.330460584215387	0.022176221065041	0.019251680605605	0.283454729784256	0	0.017179715635276	0	0.003702280827666	0	0.080614631476287	0.032496163488119	0.025974932285575	0	0.00765360951164	0.022470443751384	0	8.57247465123835E-05	4.13894192019198	5.51427597584612	0.000347963616198	0	0.794884070112886	0.655629990751436
PGD_217	0	0.085732764499996	0.067138773928781	0.009465944193149	0.134210593974959	0	0.150652391636117	0.061179828771983	0.079383739111575	0	0.261710492539126	0	0	0	0.023950393511366	0.071535265485521	0.010763177490436	0.014374740092176	0.029901894764817	0	0	4.0418653386345	6.18330652084805	0	0	0.734519586954811	0.721751962830024
PGD_219	0.007902792442866	0.072577911638958	0.111658363440444	0.068746970205549	0.017545285717818	0.176695739591812	0.086418289287208	0.114979942970739	0.011453259303903	0.048950122927274	0	0.010859351537844	0.005309782389407	0.061807467980046	0.100512907687515	0.067398183754386	0.005141599538539	0	0.027857458114872	0	0.001834642107152	4.89861075777369	6.66066788623314	0.002349929363668	0	0.829424716894183	0.673897897308142
PGD_220	0	0.059938351230009	0.111132252181927	0.015826992265534	0.025691754965027	0.063913162812415	0.055883484934622	0.239389895038944	0.016374518854537	0.020679477437103	0.00143239820202	0	0	0.16486554608196	0.171129045507984	0.021771976665819	0	0	0.027136673092776	0	0	4.4460892401012	6.16882525297883	0.004834470729323	0	0.8333649734311	0.654557259416567
PGD_222	0.024073403425445	0.146493375111881	0.176057890015992	0.04456480131996	0.053780702950604	0.031726795490575	0.032331651119229	0.193092858371447	0.015145115981058	0.029879428692798	0	0	0	0.084867532790941	0.062706344330294	0.092086654384748	0.004616065674301	0.001234095538932	0.004655534543515	0	0.001672452509122	4.63891387934327	5.96455507827584	0.001015297749158	0	0.850565316339176	0.630527120568729
PGD_224	0.019913538183116	0.129534808386104	0.095533071857429	0.1055830641244	0	0.009237994220112	0.060331157789784	0.21667227366374	0.003330691480623	0.031702959649622	0	0.0594954751084	0.005809418507234	0.118979122416538	0.109370378495688	0.021548625513721	0	0	0.009405500551291	0	0	5.20080146765052	7.00763739240548	0.003551920052197	0	0.835091713696536	0.656198652250236
PGD_225	0.001727426564465	0.012426912955328	0.009701516428851	0	0	0.273581996212437	0.081565939983006	0.236827142535439	0.057909581007287	0	0.059561944977052	0	0.006277918931042	0.014985750119893	0.026091211949648	0.205597392123437	0	0.00463509446372	0	0.00651656213071	0	4.42516663479643	5.37866879658077	0.002593609617686	0	0.755024368742812	0.704387973699829
PGD_226	0	0.159503806899347	0.090623420525812	0.023366419467885	0.019155708037056	0.071951688820348	0.037606890607129	0.306873773540719	0.000883838380802	0.046523722028689	0	0.011374572549407	0.008593048360055	0.084680866760442	0.049590005988766	0.065975865699256	0	0.003168506520465	0.014200256092747	0	0	5.01027001370173	6.81304303135426	0.005927609721078	0	0.86268325963039	0.634223123590787
PGD_228	0	0.121997800881444	0.159824858931789	0.120224634584077	0.043329264055214	0.003929869241034	0.078765553410917	0.108511742741372	0.026630210799947	0.054235980698103	0	0.024515411999528	0	0.042128047837557	0.063297566780963	0.116630783670618	0.007313104000261	0.005724898852015	0.022940271515161	0	0	4.66630243122791	6.16358884697208	0	0	0.841040238556433	0.658106562232428
PGD_229	0.002229369698236	0.12008280383352	0.049477089360454	0.08862024200923	0.013149776188626	0.056315309163452	0.06906115085776	0.202488943440874	0	0.093651227146634	0	0.086576727618888	0	0.036241395293743	0.05275436346396	0.084679927633465	0.026898859302201	0	0.015078235086532	0	0	4.89434205989968	6.26617359300332	0.002694579902426	0	0.733782980188875	0.726283144126943
PGD_230	0.101472217511628	0.058317496090807	0.097580261171726	0.100089942547702	0.018681942743629	0	0.134698213836352	0.133452226275655	0	0.114354695717433	0	0.012827913938145	0	0.037875095086641	0.079969697712929	0.082028220255729	0	0	0.018143613422081	0	0.001098774304505	4.6553614019673	5.89720373856049	0.009409689385037	0	0.80290219043107	0.688342456771441
PGD_232	0.015305137072796	0.007732092010442	0.203464232033581	0.010574185253791	0	0	0.115084203991917	0.218367579219678	0	0.081085038451295	0	0.073697487632713	0	0.085826068805612	0.119837864442757	0.043347926261112	0	0	0	0.012251743078759	0.00664998173381	4.14683254918339	5.24098703337383	0.006776460011736	0	0.806981478168805	0.664386435921336
PGD_272	0	0.023553722339044	0.012367542286742	0.122995379558475	0.008700493719985	0.084117678175542	0.013199361338194	0.062598468409376	0.004438616342588	0.22588072736018	0	0.050793440370435	0	0.04666059854046	0.103118320760898	0.228207605100791	0	0	0.003757309158694	0	0	4.2557945050756	6.56152804783282	0.009610736538597	0	0.705071747319764	0.737201558710329
PGD_281	0	0.071557454980071	0.148489669933916	0.120788728569264	0	0.064131247631464	0.070868904745573	0.16919094791791	0	0.147734138003975	0	0.043474239698825	0	0.021219167393162	0.045277317738798	0.077077426472289	0	0.00040971737327	0.016102545612513	0	0	4.95012733439919	6.79228092158041	0.00367849392897	0	0.730623536267781	0.718329024865596
PGD_282	0.027892124328226	0.11222067629759	0.23373349123759	0.092507696036758	0	0.094158692826981	0.063578794523227	0.072860569497452	0	0.129403567942177	0	0.003459174419586	0	0.061593932243093	0.059559367779055	0.046337766264077	0	0	0	0	0	4.62525418548884	7.45816086711517	0.002694146604188	0	0.872258469025708	0.588765348486051
PGD_287	0.061501241804259	0.122542331678727	0.048395079515263	0.106947933421736	0.06424097437518	0.034455811201567	0.142906674942895	0.015188692087134	0	0.089211534718993	0	0.021664546877061	0	0.016115378020318	0.054194428617751	0.071623467241859	0	0.107842228276283	0.022727240632269	0	0.015018648420934	4.12572155249403	6.57817963984937	0.005423788167771	0	0.786906962458466	0.710575903037844
PGD_288	0.009768416469813	0.091659429939953	0.137607974043268	0.100216481256803	0.046263212854729	0.095203223056007	0.069071308554656	0.195643875362082	0	0.071177448348419	0	0	0	0.063685934465323	0.065342488580129	0.043491511785361	0	0.003482204745686	0.007118791665596	0	0	4.5403770839165	7.13660350408146	0.000267698872177	0	0.825784763728361	0.654096111704075
PGD_301	0.003331242463792	0.062742763259527	0.087771731518666	0.034639041633414	0.192007973757327	0	0.030862987143222	0.282276773212121	0.082194921869568	0.031592303434313	0	0	0	0.047766137012938	0.058945295541843	0.062710377954448	0.011228386091799	0	0.008230013136602	0	0.002423556755758	4.42768164379173	5.87464437347429	0.001276495214662	0	0.870406749866351	0.60304615933995
PGD_303	0.00306101701753	0.053405034999172	0.018639241073924	0.026320410180445	0.436135134221226	0.104034980663098	0	0.026256953883924	0.037127924970079	0.000470269115587	0	0.056543846675955	0.001114163848058	0.005148718192329	0.030391170489938	0.067534927739835	0.010441854520563	0.020076927593722	0.103297424814615	0	0	4.75430334924668	6.00598235962931	0	0	0.762688540633408	0.691478179537228
PGD_304	0.026131988784725	0.057556790347742	0.032568383068432	0.058572991790918	0.095108952056868	0.095440943399718	0.050461763648819	0.205167488881566	0.057191663657239	0.048263608653223	0.028685538437316	0	0.011434746625763	0.010096814414371	0.095821559265902	0.118014577744182	0.000923035281337	0	0	0.005736256089159	0	4.56026187872605	5.95261018347483	0.00282289785272	0	0.819346771202606	0.662592793488361
PGD_321	0	0.007475669777371	0.009264599126645	0.116990752623628	0.001655354997276	0.058469251681233	0.047769648471975	0.13478094875809	0.237517050111599	0.035340578814765	0	0.109121256721561	0.005246393027485	0	0.037657764446179	0.156478617861456	0.007815759794695	0	0	0.029481812262808	0.001944316862027	3.83896133229723	6.36958703938895	0.002990224661207	0	0.710033464296075	0.72440895266744
PGD_322	0.047082331167243	0	0.273748084665358	0.179062564725348	0	0.015483329656189	0.10495351447751	0.064402477960751	0	0.142333235959293	0	0	0	0.00483671443832	0.035954842973156	0.082653373038143	0.016626477659111	0.003924682506141	0.025918573594997	0	0	4.72888440405781	6.46384814830298	0.003019797178439	0	0.895677734072267	0.563565634021501
PGD_331	0.030650459031561	0.111722811126332	0.09278367747252	0.034952536099327	0.154787492009939	0.013738571115094	0.019929487629094	0.25837421001913	0	0.10855675617539	0	0.023982012465777	0	0.041344273112879	0.037107917457633	0.05882879519702	0	0.004582311976042	0.002753747400399	0	0.004158876917258	4.54839699076702	6.12110560873041	0.001746064794608	0	0.791331253895372	0.672850559357621
PGD_332	0.07791769664856	0.114688447093691	0.047336234275673	0.060645673719863	0	0.035207972818553	0.055751191813628	0.280140018428965	0	0.139627791911419	0	0	0	0.040902246712906	0.089629166015916	0.035476019433721	0	0	0.015834619713429	0	0	4.60143082577609	6.16979074776106	0.006842921413675	0	0.827618667165481	0.651571586407028
PGD_337	0.012426446586012	0.113307962312253	0.125736055351921	0.073585623785209	0.00929499631943	0.060036332869151	0.096571677462102	0.200674177388024	0	0.092673937154395	0	0	0	0.013584893642272	0.100335093560872	0.056634297152507	0	0.000280249600569	0.034713332803961	0	0	4.68016672686819	6.85567554068684	0.010144924011322	0	0.84957197177295	0.644917710105595
PGD_338	0.0332630175979	0.081082042308943	0.154436269457071	0.059522125490189	0.029565148842762	0.09661243046715	0.08621017083014	0.204738280929162	0	0.023133887457913	0.016874957935427	0	0	0.076798667282843	0.053800675996548	0.058690942559573	0	0.017767425055088	0	0.007487516230112	0	4.72124011539208	7.32218459876473	1.64415591813772E-05	0	0.856629848410353	0.637830238743928
PGD_348	0	0.081204748006832	0.211936598400094	0.059307231277366	0.094619627840289	0.054271032626963	0.072797565914373	0.104351212881164	0	0.086088927926855	0	0.002765825069803	0	0.05535184382216	0.07596983180321	0.077702642358293	0	0.0112113562589	0.0124215558137	0	0	4.42941873596481	6.15257213055067	0	0	0.870123983557934	0.618498441321859
PGD_350	0	0.092990578398472	0.014515174402855	0.070799910804321	0.190786009050851	0.128881071822984	0.041832725482904	0.176325971815513	0	0.054854816414358	0	0	0.013024017951418	0.078696011971352	0.051001748315085	0.062211271366683	0.000892444726174	0.009207873933125	0.000762682114611	0.008139903838195	0	4.73039913636833	7.50018677633244	0.005077787591099	0	0.833151632855824	0.646623641933813
PGD_352	0.1091747730188	0.136458406522333	0.063535204007005	0.097896526963141	0.041059088740185	0.127391049993104	0.019759601613707	0.156654408735756	0	0.067967771792363	0	0.014797396594556	0	0.029430433523485	0.053897509333532	0.062022783861221	0	0.003770692547067	0	0.006114896197185	0.000538193316072	4.90143519065015	6.61846056019345	0.00953126324049	0	0.869582300456705	0.61411355837538
PGD_353	0	0.277786349927867	0.014836626008449	0.057770275690072	0.008536191746581	0.12599653401902	0.031348931640076	0.207776749642749	0	0.046906981460618	0	0.023523690186805	0	0.020485800944279	0.032344068774008	0.128548879772822	0.021578234212917	0.00021074273003	0.002349943243707	0	0	4.28048738992061	6.5152135567918	0	0	0.884411738092233	0.617146259676271
PGD_354	0.020494121099219	0.152024960916776	0.059855005562181	0.075000563426171	0.036748751017375	0	0.075992952515773	0.437704453173424	0	0.008926152003655	0	0.008489575961678	0	0.023910568605202	0.029833836952906	0.052383048210778	0	0.006837041017223	0.006571354365264	0	0.002519881509513	3.99767156963909	6.01828552202017	0.002707733662865	0	0.865358301730577	0.594651100982626
PGD_355	0	0.01896254005939	0.067466278323602	0.054580435810274	0.076275337579346	0.040581043835213	0.057947377681834	0.219535415890539	0.017908134429614	0.030268547325515	0	0.001739303897008	0.016099329948354	0.132736308475201	0.096021567149991	0.120246777528047	0.010863449186793	0.011430507264499	0.014274620393072	0	0.012362514345039	4.96180483504509	6.98907870251109	0.00070051087667	0	0.789441729133027	0.707046814753938
PGD_380	0.008544122907567	0.020384484161957	0.069659620803397	0.160478130577306	0.031007822381907	0.001217127579684	0.051000375999138	0.16072263830481	0	0.175742896596546	0	0.018762942830518	0	0.082772663291042	0.097904591629119	0.075162853271224	0.00228764454641	0	0.037212705177337	0	0	4.83887819390068	6.6610488204556	0.007139379942037	0	0.773489764697447	0.699094947399863
PGD_383	0.027956062493641	0.104220589681534	0.049736880146706	0.042426720288856	0.154502243911579	0.109492237620668	0.111512735347957	0.04778100403575	0.056052467572316	0.011410498756216	0	0	0	0.014249508700017	0.052446487574906	0.169688293641618	0.02744583372253	0.016100705135253	0.002243997475299	0	0	4.19630854853387	6.8197117566427	0.002733733895155	0	0.780623604843109	0.715794853842458
PGD_391	0	0.049938544221024	0.126777970973166	0.160320719820174	0	0	0.109079783173632	0.250591130428275	0	0.104679904638628	0	0	0	0.044622361122927	0.053853309321311	0.063418407029974	0	0.025649865902352	0.009192535927489	0	0.001875467441048	4.3056952789393	5.4858675204897	0	0	0.78879175345496	0.683906489460747
PGD_395	0	0.185313889551862	0.176035498010127	0.050414791228686	0	0.026129223701411	0.047289547819615	0.205152889185919	0.010445641031779	0.039045654366164	0	0.027201993483302	0	0.09971004680031	0.076038464987253	0.028705781947466	0	0.019529264098053	0.007840822122583	0	0	4.41137861197317	6.2765866108219	0.001146491665468	0	0.861728777862751	0.616528091886047
PGD_397	0.003407247391052	0.020936312270689	0.046882078949615	0.296244007430517	0	0	0.070915038188924	0.089419930720493	0.010227459271096	0.154482299121281	0	0	0	0.025877546058705	0.043058568963667	0.208470589174519	0.008826797981683	0.009976624910316	0.008719571837408	0	0	4.57691072896995	7.64181462120764	0.002555927730038	0	0.688797734969499	0.753255471620298
PGD_417	0	0.092806878511321	0.049635789358955	0.028346458545504	0.255019564791274	0.060483543248991	0.021362731347424	0.172501781019667	0.001933090516758	0.006977074786065	0.001371287071524	0.009607517914952	0.004354372446187	0.02938328956342	0.061364659320842	0.151490756789968	0.002086411629281	0.029326613826238	0.01933788511939	0	0.00261029419224	4.82455152033352	6.22500471738423	0	0	0.701226377618368	0.750343051506523
PGD_420	0	0.074693502607568	0	0.061161077833794	0.138035211077574	0.187799030675349	0.005889372605961	0.127304745431824	0.276499119308837	0	0.006588568049648	0.008054522020663	0.031272557762979	0.018856814098311	0.020512395538364	0.030360483644366	0	0.004743836474277	0.008228762870485	0	0	3.81946186097249	5.16007685530168	0	0	0.827519504279632	0.603626056564892
PGD_425	0.053877504241242	0.093375252332333	0.206103237496932	0.046152856509769	0.00219653608209	0.068244891569395	0.025969698442093	0.259363960995198	0.047365616020329	0.002546888529204	0	0	0	0.064797569860624	0.03226191390217	0.032847957719753	0	0.057600470063556	0.005947086090492	0	0	4.16417262493155	5.56727508911837	0.00134856014482	0	0.889054224945003	0.574006925585412
PGD_427	0	0.092950515287364	0.168826310649872	0.19933657552587	0	0.101358601103501	0.089914437745342	0.151725207325672	0	0.049917951349388	0	0	0.008636347357318	0.007338138047801	0.046504691977683	0.065721148550322	0.00480987243106	0.007434444591127	0	0.003871867587804	0.000963808010054	4.56263567319802	6.77573049209074	0.000690082459821	0	0.882910961912891	0.596732474019149
PGD_430	0	0.102143004474008	0.017281585551528	0.071768672068145	0.002410567773307	0.176647246529332	0.009122387608644	0.117196646986955	0.019340484974907	0.115286112517107	0.029258749432027	0.010147923733431	0.048508209662999	0.00740902232337	0.195916318704355	0.043375321848735	0.000612366278376	0	0.020610404398697	0	0.010195859591241	4.53723151412604	6.28933062978883	0.002769115542835	0	0.816091122533716	0.65194175958729
PGD_432	0.052372565722601	0.088680143386807	0.100429612292217	0.038378176627239	0.084894256150695	0.240261286396958	0	0.032542956226706	0	0.120506706702985	0	0.038058243525567	0	0.040203749155316	0.035005511908376	0.121445405807917	0	0	0.007209004641123	0	0	5.07676923000984	6.82250257390115	1.23814554949254E-05	0	0.824905627752462	0.660373268893871
PGD_434	0.043737055795302	0.245749271082481	0.035106567573519	0.038565513963715	0.149000571570845	0.046258667296604	0.030926890238671	0.18373698910872	0.013625175889221	0.060607791882617	0	0	0	0.033163093585515	0.030767573416845	0.054461955669746	0.000109658079247	0.014864315614554	0.012552172134551	0	0.00055495960557	4.27509387253778	6.29631395968861	0.006211777492278	0	0.846912673115846	0.631283342146328
PGD_435	0	0.012475049313981	0.011145058396885	0.072690225676739	0	0.004705395842087	0.261660339191337	0.118561748283924	0.032837637588577	0.081498535070145	0	0.06045713766334	0	0.065787681361866	0.176989256140872	0.054673743548566	0	0	0	0.030524363378526	0.001891631839447	4.3186870781985	6.44518865604747	0.014102196703709	0	0.77622676770007	0.686662992776664
PGD_442	0.024193588870601	0.105462868036353	0.078078453046486	0.048188301234821	0.098654349263642	0	0.020558223236035	0.303351088327504	0.065759959841262	0.029224180307794	0	0.007793661938459	0.019613875876861	0.021392939736191	0.046270865250106	0.115142258622219	0	0	0	0.016315386411666	0	4.39894040506646	6.16857220288417	0	0	0.824861751443802	0.652674162523793
PGD_447_2	0.030402079275607	0.12435675902704	0.172601900228552	0.07254564050431	0.023898525594476	0	0.129537510527675	0.100395148894008	0	0.098991004306592	0	0.006361294225152	0	0.11763560282434	0.08170722288638	0.025196196922387	0	0	0.012500493106749	0	0	4.12672323750906	5.59580904763407	0.003870621676731	0	0.855604068667458	0.636732271741429
PGD_449	0.034042060271847	0.014889579765055	0.003546394863024	0.087792017861702	0.151991500013487	0.113957729901029	0.073181623307262	0.233009924042758	0.096318900718123	0.033257635942482	0	0.006309862428685	0	0.009719818172179	0.055626944271782	0.058170224689639	0.020540071333049	0	0.007645712417898	0	0	4.51513725046497	6.2504179993813	0	0	0.828359988028024	0.620796170173441
PGD_450	0	0.018964844785859	0.015794366486323	0.26860106271552	0	0	0.122133704913411	0.066363442611172	0	0	0.050576798342015	0.146302911947728	0.013317801656456	0	0.120784917453168	0.121835430909855	0.000104127778489	0	0.031088421745968	0	0.0018939040434	4.31652936011182	6.11130943670313	0.022238264610638	0	0.650365916329861	0.767812939849258
PGD_457	0.000566981700554	0.082209557398775	0.076688124402543	0.131889988750407	0.022355223012561	0.000669631127146	0.074748426111774	0.254299335005093	0.006014548293036	0.046961943204685	0	0.051182509955476	0	0.083994305817948	0.028660853297541	0.118506487273841	0	0.016163703606946	0.00265678116128	0	0.001780362098462	4.918163012619	7.31144926632083	0.000651237781932	0	0.748767130695957	0.720344934983241
PGD_465	0.022518732864052	0.056972989218315	0.11096144587995	0.073117209460295	0	0.007996690001888	0.098457330392142	0.098178958960385	0.003480657622488	0.011327387059021	0.035627582285319	0	0	0.241049691009613	0.160381820312773	0.066815896635702	0	0	0.013113608298058	0	0	4.53261995305553	6.12905494536308	0	0	0.825654393439106	0.668814249606192
PGD_467	0.010680243752516	0.059037976964691	0.037193103406728	0.088736700218891	0.095627148979422	0	0.117753701894252	0.188084199544614	0	0.091896856490571	0	0.036789174005214	0.008315216923702	0.030431531809487	0.123131944715945	0.093104852122434	0	0.001201952859237	0.015656119685301	0	0.001914834055763	4.42770444305745	6.37125412847266	0.000444442571234	0	0.77754731511581	0.699190808338186
PGD_469	0.004608643722865	0	0.006548273828127	0.340337960230295	0	0	0.249154761258982	0.144949895560558	0.015818994169523	0.075555753208883	0	0	0.004506302587769	0.043949106246679	0.062240245964193	0.048436749978815	0	0	0	0.000380487548823	0	4.04609036536873	6.1207665173601	0.003512825694488	0	0.746579567399367	0.697065213937409
PGD_477	0.013269034805584	0.064317387113269	0.020344404623492	0.104535697921307	0.004388049461152	0.043533863226425	0.082447317577923	0.289210695869732	0.027308352251835	0.082450882181478	0	0.030530600890594	0	0.038780300601562	0.114156813110987	0.064270772834484	0	0.006701132293823	0	0.010672956585649	0	4.36156260060247	5.80719993054795	0.003081738650704	0	0.786964702419861	0.677126264056744
PGD_483	0.000276058165782	0.018545863187495	0.003538914683935	0.108368677538226	0	0.155093099677862	0.10669132981182	0.263488713358802	0	0.005262856013282	0	0	0.003325425665113	0.133916627476713	0.135983877098713	0.064597545330717	0	0.000720601006165	0	0	0	4.88081089357263	7.74289796877413	0.000190410985375	0	0.802292922487075	0.666316946655454
PGD_485	0	0.135000848388324	0.137127115405372	0.055447156230164	0.051611300806651	0.066723163333401	0.076371849507743	0.188559821845413	0	0.103465375406506	0	0	0	0.059421482923234	0.079996907055926	0.03987892644598	0	0	0.000749344154657	0.001115246163762	0	4.97719893728272	6.79193315078793	0.004531462332867	0	0.854612436915871	0.633600985656256
PGD_487	0.048397469159191	0.06912820532556	0.028912504519002	0.077704794732484	0	0.080058217575923	0.018214080159273	0.294787004631402	0.008906758317779	0.107945380651771	0	0.020378020785103	0	0.134938154104896	0.065162055164292	0.031665740195034	0	0	0	0.011894025151088	0	4.38926849175927	6.02863525541045	0.001907589527204	0	0.842922073158449	0.640955148134392
PGD_496	0.012341714472847	0.044771158549755	0.172708591185007	0.06365279011585	0.005748978046706	0	0.133941292883093	0.189929291362574	0	0.084801717257718	0	0.032230881683123	0	0.1086825500314	0.093751362287173	0.04267435548893	0	0.001581378907958	0.010423008512919	0	0	4.07880641116384	5.33081007793175	0.002760929214949	0	0.82815701247858	0.662729363732944
PGD_497	0.073606123753999	0.179568561621293	0.051650306043752	0.076384133768243	0	0.127965723587837	0.084654553478584	0.113829367618162	0.049964375868665	0.08151926270793	0	0	0	0.021902938367515	0.032839334117597	0.090603298540761	0.00236628763421	0	0.007304648980127	0	0.005841083911327	4.74679346219201	7.48601232583067	0	0	0.804153749361045	0.67577677338558
PGD_498	0	0.029238698224421	0.013178651515293	0.018834619885005	0.246565060552421	0.296257342907799	0.048505361348548	0.125261182494068	0.035811710398399	0	0.015587838135464	0	0.000713037345894	0.04101371082703	0.040444252489933	0.086094226925593	0	0	0	0.002404901711602	0	4.26792914431486	7.09574503153795	8.94052385311675E-05	0	0.842031380738228	0.60874906760766
PGD_500	0	0.004307821656073	0.128078282016589	0.062148978620637	0	0.209896680526074	0.051482768912726	0.018120296547933	0	0.080756177765735	0.040480698512291	0.055520495239035	0.017171918552027	0	0.100465136412232	0.11586407016251	0.005401473042313	0.005966533612676	0	0.05673729792981	0.002206768903164	4.98018761944984	7.81266420733884	0.045394601588175	0	0.711933904609638	0.745602216312642
PGD_504	0.126037966014784	0.13786660604143	0.00718589218539	0.145012780379732	0.075196905819805	0	0.037403339802803	0.119638195321674	0.028325090842174	0.101444066311862	0	0.002109896683469	0	0.031345336561898	0.102973064941555	0.034479997020113	0.049302799175463	0	0	0.000754000462617	0.000924062435231	4.07711238377838	5.440868270618	0	0	0.849533526619437	0.637036532012612
PGD_511	0	0.03787963010006	0.129678988971447	0.119272952134681	0	0	0.037576631623406	0.167195319161236	0	0.083309309711759	0	0.018416175322995	0	0.13088634428592	0.14383871131204	0.102890782950863	0	0	0.029055154425594	0	0	5.01793819377129	7.96814934364212	0	0	0.803419464428285	0.685960768558332
PGD_514	0.001493366825957	0.050349754029795	0	0.032032517671598	0.134454652463451	0.057501576897944	0.032170202352692	0.216560106237548	0.137999401285993	0.002647733597907	0	0.008975277332211	0	0.083911763032045	0.033697669163909	0.122427409913056	0.028334340106095	0.036261816892848	0.018463238354197	0	0.002719173842755	4.77283481812053	8.10247406498739	0	0	0.779921203720336	0.690217198717427
PGD_6	0.000484427674658	0	0.003080748759938	0.416696200731249	0	0	0.0699856366472	0.160965474556078	0	0.271894431024966	0	0.05545928119043	0	0.00047575110326	0	0.002193258561979	0	0.003689515135401	0	0.010229775425398	0.004845499189443	3.43606912065114	4.09844102433177	0	0	0.852690095087954	0.540823151401604
PGD_7	0.005654951144479	0.019204852181966	0	0.099280894853501	0.174287881626295	0	0.048996651695677	0.477651892115258	0	0.144567558439639	0	0.018848905828562	0	0	0	0.000708050470396	0	0.006862538308384	0.0024002390248	0	0.001215217901409	3.50641617497661	4.030346766723	0.000320366409635	0	0.932094115703677	0.441857679600195
PGD_8	0	0.072982172650554	0	0.395577967268895	0	0	0.061482830211953	0.172506180780703	0.00366859315517	0.175609345607618	0	0.073729539854799	0	0	0.000309996289317	0.003743359498232	0	0.008328714293912	0	0.020389508205651	0.011671792183196	3.42993371504903	4.0106049744691	0	0	0.859224851032254	0.551276996141849
PGD_9	0.001398816606969	0.014386638514949	0.005956978406166	0.06554775035117	0.089031773332612	0.04158817458959	0.108542779841043	0.457330030628744	0.066177860164675	0.131993655152148	0	0.000175243094151	0	0.001787427793055	0	0.000583025517853	0	0.008960519232624	0	0.001864879272326	0.000433111450687	3.51009133160976	4.0421732920741	0.004241336051237	0	0.911328656177821	0.482211738068655
PGD_TEN002	0.037253359554446	0.053864738757619	0.152735007649749	0.063866234374718	0.030116688022777	0.003071605771241	0.049629600949158	0.223852782874693	0.008483781807587	0.058624823262938	0	0.052796804657579	0.018853714189647	0.079444279426492	0.061252543041324	0.078419938031045	0.001322340937549	0.001660255772839	0.020549407722858	0	0	4.98046737710554	7.47024240023682	0.004202093195743	0	0.823095777939804	0.66903928729541
PGD_TEN006	0.035683997776565	0.014468285251277	0.089733298654771	0.138438566599291	0	0	0.131781598033808	0.176587076432718	0	0.169789233236828	0	0.017044221307689	0	0.074456891774225	0.042165858569858	0.090585860977606	0	0.000173717717924	0.009931281510137	0	0.00367693628965	4.96910888356938	6.91777143342383	0.005483175867655	0	0.754493171260799	0.714982343487064
PGD_TEN007	0.047263981850303	0.111736453066686	0.114139465009266	0.074857753580922	0	0	0.097613806505917	0.142407255817942	0	0.05365821166095	0	0.080394856372927	0	0.058980807351268	0.099937560715029	0.108711667334599	0	0.002921741737192	0.007035881308421	0	0.000340557688581	4.80654393458396	6.89760636107944	0	0	0.789479669359665	0.692172103917784
PGD_TEN008	0	0.057340498810141	0.010117996697823	0.019566304370481	0.026989116519413	0.030914838253303	0.060379909422722	0.117082786607292	0.058409913575981	0.08248650356131	0	0.035621914381618	0	0.187174432832596	0.177173067650253	0.08621278911584	0.017572880820274	0	0.014136807062694	0	0.009873101420182	4.54585044897485	6.80403490911	0.008947138898076	0	0.802508922695044	0.68365626579478
PGD_TEN009	0.06951098748455	0.108108249736309	0.012321565694705	0.048146995978989	0.186048829174859	0	0.058829801567563	0.156083299620829	0.113131562348348	0.01890691640106	0.008841164499802	0	0	0.004568056511587	0.033936669116197	0.103797549266903	0.02433856476189	0	0.034368313576261	0	0.019061474260148	4.81100789852041	6.24894995856675	0	0	0.817015377627254	0.669483356476387
PGD_TEN010	0	0.059020197045296	0.220989343036315	0.070602309119555	0.050610380926033	0	0.196672266531449	0.100051238393991	0	0.024057575484459	0.001122204626617	0.034976085006896	0	0.078461473706683	0.100841692157763	0.039370782838121	0	0	0.016745622626649	0	0	4.52775929446864	5.88393982206638	0.006478828500174	0	0.842660720648323	0.642483727795937
PGD_TEN011	0.029919613574889	0.154068972938475	0.095506108400402	0.1470435456224	0	0	0.005833254870902	0.149880012983587	0	0.095997779104547	0	0.059575941724847	0	0.073415915620484	0.08025423165229	0.075407525094	0	0	0.010290581332576	0.009440987840063	0.013365529240538	5.18942686185007	7.17029051310373	0	0	0.80983288057772	0.671076407827006
PGD_TEN018	0	0.004633279876083	0.008536066251053	0.020559780760184	0	0	0.219450418101791	0.077125284030708	0	0.171511773808332	0	0.067008243995357	0	0.037388136728134	0.236067475968141	0.097607810699015	0	0	0	0.006133026318123	0.021530005183796	4.79712368489305	5.90103528403884	0.032448698279283	0	0.793805848129773	0.655606850582732
PGD_TEN019	0.006782692441748	0.035033707239789	0.023590013304648	0.153574185656302	0.031284057847485	0	0.057003098965688	0.173756369686012	0.246015420827585	0	0.023261769552331	0.004888685077686	0.009359329492797	0.045146865378248	0.080337374341909	0.091453121973909	0.012544608062164	0	0.005968700151701	0	0	4.53686864044091	7.54135383630188	0	0	0.843680952588588	0.627278992897935
PGD_TEN020	0.000116575112711	0.122248036175877	0.153352097348919	0.066682183984591	0.023468580231069	0.019887753412625	0.10173458450314	0.185895643975842	0	0.029733505770022	0	0.047099537822589	0	0.097238603147719	0.074254155281277	0.065099199120494	0	0	0.002682764135976	0.004696865223739	0	4.69391641220662	6.46473690961504	0.005809914753408	0	0.811220280348689	0.675774119531633
PGD_TEN022	0.026693001209783	0	0.057783712284426	0.074652065322576	0.047676734216763	0.077946126763488	0.049955955262432	0.1713699098745	0.043527512804647	0.024726940923624	0	0	0.026657872988561	0.126500177370839	0.072805009653583	0.134902538870392	0.005303952736801	0	0.045928852970037	0.009538587683301	0	4.48557267607111	7.50418335096627	0.004031049064248	0	0.616977609861629	0.810366329261821
PGD_TEN023	0.015562855913171	0.065509419152647	0.058190484822504	0.067370730316568	0	0.058634971058921	0.042377413502082	0.084432404632704	0.008939870801314	0.1543871412368	0.027921355729068	0.09921868102352	0	0.089499332456865	0.102557565844795	0.101903381019767	0.004428817824707	0	0.014974398576306	0	0.000591901341001	4.4326536015148	7.3537186561992	0.003499274747262	0	0.75852135156001	0.705180262555522
PGD_TEN025	0	0.029234695912732	0.026687403917801	0.010649059325996	0.060050849820574	0.0357965700848	0.021534411975308	0.408945912605509	0.112970540938518	0.017214682849939	0.032292680482707	0	0.008443695180637	0.050777641871774	0.078169345811307	0.077109691094258	0.020853573080262	0	0	0.008412985505265	0.000856259542614	4.37450325239912	6.09190702062713	0	0	0.752960971338889	0.689514310784274
PGD_TEN032	0.051927499400154	0.199654725850544	0.135522307176996	0.142947307467091	0.051296099455321	0.142448430440219	0.030289568772721	0.065634038785327	0	0.022885473163017	0	0.015095485077863	0	0.036278375548106	0.023017020101412	0.053685320038826	0	0.013593703874029	0.006179288572976	0.006510924490863	0	4.86180708838802	7.29976745749544	0.003034431784536	0	0.886545639366027	0.584736571611006
PGD_TEN039	0.084048234612548	0.175278558330691	0.090664287174825	0.046578173914223	0	0.009924327044884	0.036133751737923	0.309885272355601	0.004452879592502	0.074344792174694	0	0.019330226906648	0	0.052706311971997	0.031333679423622	0.014008941475328	0	0.048537692166254	0.00277287111826	0	0	4.51571410963561	6.18729528535106	0	0	0.845445859626486	0.623779517510209
PGD_TEN047	0	0.006839938283028	0.236610785939251	0.051758998483123	0	0.092687558563718	0.027755113999402	0.076820795228091	0.002712837806465	0.127890100871028	0	0.03040396400171	0	0.018498886416947	0.068450445634727	0.165719004758783	0.037676709882944	0	0.01694768934265	0	0.036003065186779	5.19492622803134	7.74035135530627	0.003224105601355	0	0.839532571404309	0.651427029818005
PGD_TEN048	0	0.098984588883492	0.007677167400347	0.055986709717549	0.03211359988745	0.218388641678795	0.037034818086554	0.364294523932361	0.006897855715023	0.035740972530117	0	0.009009009004426	0.011200891098007	0.023904182191423	0.03896613139067	0.041984176417908	0	0.001364350200725	0.011982013015275	0	0	4.81114807835879	7.03934535597644	0.004470368849876	0	0.887983604504599	0.560540001547106
PGD_TEN049	0	0.06563802214834	0.005499989266433	0.112134694800818	0	0	0.224780030603592	0.035365576057705	0	0.096098744245959	0.005384032310796	0.064595898457399	0.064961341810941	0.002590674946329	0.208174032790903	0.090924964057327	0.000865540268917	0	0.002769261675515	0	0.01274755339004	4.94529875315617	6.98641745250477	0.007469643168987	0	0.798591782400267	0.667009473724988
PGD_TEN050	0	0.041978923443473	0.164252600540327	0.182981822268751	0	0	0.050627831132963	0.152281216525918	0	0.187330922471542	0	0.020087767414749	0	0.027702623825065	0.063524419686048	0.104106199661592	0.002668281398271	0.001159787042205	0	0	0	4.81958714719363	7.17769303044934	0.001297604589095	0	0.758245470713685	0.695382829069667
PGD_TEN052	0	0.040788560658615	0.006933633300998	0.052836862232644	0	0.090691379141103	0.167896257764897	0.169758116801923	0	0.049951769764159	0	0.00195095303637	0.001000561612173	0.138504581323722	0.161879653547801	0.083747104941872	0.000648554960503	0	0.027088469457254	0	0	4.14822115127713	5.96038454534175	0.006323541455967	0	0.796751148010008	0.693685270740089
PGD_TEN056	0.111539956272526	0.169198685800691	0.068560555570494	0.027639922034781	0.092020903226408	0.101399690601718	0.045168086518531	0.226108691753659	0	0.008624628498102	0.007879419163571	0	0	0.04763608882791	0.048448057501065	0.032273098726508	0	0.009089177837904	0.001900290949393	0	0	4.89908903773556	7.9757067231463	0.00251274671674	0	0.860356957785905	0.611077315214659
PGD_TEN058	0.07286193057377	0.096589599022487	0.173950953971389	0.052205109577839	0	0.181175208188719	0.005989735258293	0.063657335702135	0	0.092331146468825	0	0.097721618189413	0	0.011863735903925	0.046591327464185	0.08311226668605	0.009671617008271	0	0	0.005141752040369	0.000301873952683	4.47187560566565	6.12089667572092	0.006834789991649	0	0.788058712918131	0.666478031777049
PGD_TEN060	0	0.096679566502907	0.099391423329834	0.05765435517296	0	0.03851537989111	0.066974601815282	0.283705984035738	0.00063292834596	0.105667577903182	0	0.021369905715017	0	0.105657724480734	0.072433773722958	0.028626145388639	0	0	0.02076437023727	0	0	4.62136219247616	5.95414391678399	0.001926263458409	0	0.792355901425492	0.68605294717375
PGD_TEN073	0	0.042351073398303	0.047054349872313	0.145017633868302	0	0.03281510999265	0.09251868331067	0.089088419393036	0.010299439198839	0.287311753744452	0	0.005286174794728	0	0	0.099893416262699	0.082495671547089	0.011991048038058	0	0.001313582541626	0.007207737998675	0.013587643291981	4.47164168172834	5.5091185020424	0.031768262746579	0	0.757320801754881	0.695509214628376
PGD_TEN075	0.066222097399745	0.130520265737424	0.016398715927252	0.04693605580572	0	0.347425434378701	0.064260990947688	0.105602556278295	0	0.056239239346558	0	0	0.006142177356838	0.039516423617136	0.063761344354661	0.045256743274188	0	0.001693791235476	0.007030218386419	0.001759222531824	0	4.92696197875888	7.10811008444808	0.001234723422074	0	0.846687784892566	0.637218350635562
PGD_TEN077	0.121879416166481	0.13736224322632	0.120226217178839	0.08176809861744	0.001095512097572	0	0.145343422592275	0.13016361940032	0	0.081018692371095	0	0.002071270240036	0	0.0899704877881	0.029063528952044	0.04614248316534	0	0.000749459951324	0.011011111263655	0	0	4.64032471845741	7.23204893782956	0.00213443698916	0	0.867475812601116	0.623451446025236
PGD_TEN091	0.010104158410384	0.044672072834573	0.058102512483653	0.159624351931943	0	0.078828375213861	0.065141540660059	0.242647980969494	0	0.13126966674773	0	0.021190497931963	0	0.03021653004776	0.039183585649854	0.106741600551941	0.002452640398984	0	0.003129490955281	0	0	4.30656813318964	6.27112834609534	0.006694995212521	0	0.832751613646765	0.641653959475881
PGD_TEN093	0.05514457420743	0.199141141403559	0.107735181676655	0.124421674782253	0	0.0498817700277	0.006279938789906	0.198843855860665	0	0.079950685697718	0	0.020771225430397	0	0.058333439760353	0.031892839036277	0.048059984474781	0	0.006421565021623	0.008388425996968	0.004733697833716	0	4.95442315239591	7.6810870987501	0	0	0.832922614266072	0.634989898210316
PGD_TEN094	0.045279442656882	0.053304044253521	0.290204093341462	0.086402805922142	0	0.127824315287089	0.09079443646138	0.117088363299782	0	0.04747665978231	0.025552902484581	0	0	0.014690317187119	0.03668318713477	0.055286050069835	0	0.001933679937485	0.004118098905067	0.002869526795506	0	5.03474276687191	7.08027041511862	0.00049207648107	0	0.857811857918521	0.583398421749807
PGD_TEN096	0	0.087352155885585	0.064830201941042	0.047579796894311	0.155675417566416	0.085681394258885	0.033750158784285	0.206932952794723	0.027589781804491	0.04794918248952	0	0	0.012948911662261	0.03883377798147	0.075301381964223	0.069034525943899	0.004153058945415	0.006368947728125	0.032567168158111	0	0	5.00880808113622	7.13893881174052	0.003451185197239	0	0.839053698159126	0.651459980115339
PGD_TEN098	0.035738251138619	0.149363853442363	0.032096358191646	0.077891039776614	0.138539550236923	0.24563851643475	0.08298599317735	0.062244213074019	0	0.018898297724369	0.032677911970957	0	0	0.016161239243772	0.028759412282453	0.055656911917298	0.00093840619086	0.019316443098967	0.00309360209904	0	0	4.70389011019295	7.09381550609376	0	0	0.87073901435646	0.613989478522943
PGD_TEN099	0	0.023272052598074	0.019379759314655	0.086619081548133	0.000579805754583	0	0.284071578188515	0.063939435484897	0.038660612582345	0.098716634966397	0	0.052904739610576	0	0.089567804448487	0.124312028667261	0.066901708124917	0.031267014161151	0	0.011654157373276	0	0.006399152127266	4.11540975137661	5.85342242499631	0.001754435049467	0	0.741717818269957	0.727699332489127
PGD_TEN103	0	0.039867087679991	0.097190210542136	0.06428273860367	0	0.003995525955396	0.131538869525768	0.201907144335657	0	0.113519512383798	0	0	0	0.147532828174503	0.10580570266644	0.060069161603436	0	0.006375669259267	0.021230603839151	0	0.002353733926768	4.1146815099126	6.19948559462673	0.004331211504019	0	0.756161578067693	0.726683465191134
PGD_TEN105	0	0.050628631757058	0.045093799305116	0.062864037672725	0.14561135501291	0	0.142067588335124	0.099749987271568	0.13789584494495	0.038345579385346	0.056511396778624	0	0	0.022323999030971	0.147681529135899	0.045320706539278	6.03319746640112E-05	0	0.005845212855767	0	0	3.99972913218692	5.11816641309114	0	0	0.676665098956478	0.755873763096391
PGD_TEN112	0.003686995534849	0.052155406515884	0.049148698310068	0.1549285423054	0.006038228904468	0.060980583691592	0.175567458939384	0.142631100555317	0	0.095514588926691	0	0.039393503658012	0	0.07267846369577	0.097650653957086	0.002031064978472	0.025671253102434	0.009410322645124	0.008487296692926	0	0	4.30341636926426	6.6638026189154	0.004025837586524	0	0.790807330528134	0.685232455637056
PGD_TEN118	0	0.034858772935685	0.003526577630419	0.061970293385944	0	0.055511588598162	0.033527459434387	0.135067515991052	0.018289571107939	0.129193209531023	0	0	0	0.329548280595112	0.142659889900711	0.013304653753217	0.01352735363113	0	0.025565008053495	0	0	4.4846559407337	5.88529382417919	0.003449825451724	0	0.85449480710614	0.633452338278818
PGD_TEN120	0.016207577743535	0.042134280684799	0.199932469369356	0.051781804000252	0	0.06684079787491	0.130179778068996	0.105001234886067	0	0.065442616967753	0.008898329386302	0	0	0.09024182896151	0.098024142657959	0.075558170504528	0.018775276653353	0	0.030981692240681	0	0	4.39199983071733	6.6106690303203	0	0	0.771324025211198	0.70775171634224
PGD_TEN209	0	0.049549981461916	0.04331290792992	0.016241828376344	0	0.138403278451378	0.015220831595542	0.186665258959925	0	0.166693511892195	0	0.063856448959754	0	0.171758268167588	0.122826137741374	0.004967877346351	0	0	0.012519996279296	0	0.004785157280364	4.03225074260192	4.93847934880423	0.003198515558054	0	0.740141160014925	0.71513490839999
PGD_TEN215	0	0.092779965491783	0.118217774034202	0.073334639252453	0.009320319740921	0	0.070494502120741	0.247808546917764	0	0.094416642150538	0	0.030316946895504	0	0.115540873530594	0.102687735421867	0.040567686824259	0	0	0	0.003529794658377	0	4.69779284604083	6.99155083714422	0.000984572961	0	0.803624995318709	0.678274152567858
PGD_TEN233	0	0.025376989530395	0.006111036423	0.147501081576735	0	0	0.095444825885791	0.143113696526544	0.010016833072177	0.173674625456291	0	0.031125692843127	0	0.11862870477131	0.117327579789072	0.086967729716408	0.036387045567473	0	0	0.003483991630208	0.004840167211469	4.45130769711824	6.7263719897662	0	0	0.724135115932401	0.729847794340041
PGD_TEN234	0	0.021996024892942	0.064560943884262	0.126342490599699	0	0	0.230431428113618	0.133760829766144	0	0.071097887636878	0.03840898684566	0.022748772709256	0	0.000368473718288	0.13303949347901	0.119590275291095	0.003392432087064	0	0.026732110724265	0	0.000839415505732	4.29069564194338	6.67666536455659	0.006690434746088	0	0.749796097301004	0.721535648507935
PGD_TEN238	0	0.01411648855162	0.091304995195688	0.162828821749571	0	0	0.22304099210283	0.134051508404793	0.000334567609427	0.080387854023492	0	0.013397130702681	0	0	0.109273174627327	0.149101579390925	0	0.005949840134023	0.007834458031478	0	0.003008049711976	4.4603391178548	7.15675305411466	0.005370539764168	0	0.744473210217126	0.728205873014598
PGD_TEN247	0	0.157737446401561	0	0.035136044402459	0	0.23865782817652	0.106548999920782	0.195858155804167	0	0.058469418705609	0	0.016937250019879	0	0.03110750651367	0.095091099650029	0.032864627018949	0.005457886087207	0	0	0.01681118177194	0.009322555527228	4.06098894244736	5.79354123699725	0	0	0.696178965365567	0.745727553910761
PGD_TEN248	0.011387202767959	0.058900373874712	0.108918539992131	0.023678112880254	0.008770265574412	0.191977828921118	0.035804678958332	0.364143819563418	0	0.009617912794435	0.008953956399449	0	0	0.079379596013399	0.070328659874289	0.026387651477121	0	0	0.000213626068027	0	0	4.24416461580637	5.44037250383555	0.001537774840945	0	0.824377149339946	0.63583406035924
PGD_TEN249	0.016222885591102	0.01092742217592	0.025699794590154	0.162810665882354	0	0	0.174809074510656	0.106888536966358	0.006766420772875	0.085131223697388	0	0.088152921058184	0	0	0.186536746858252	0.117335474414561	0.002057331040717	0	0	0.002982005293021	0.002014033558696	4.05375495193067	6.91507549113435	0.011665463589763	0	0.717731096138763	0.721746528750606
PGD_TEN258	0.012824806719441	0	0.01876354210536	0.024906476204486	0.035021753515968	0.178936261183557	0.05105000369935	0.172476291273371	0	0.100029773967746	0	0.005240332799623	0	0	0.073559458560275	0.117990973424763	0.163415413121136	0.009915837918416	0.015918815055056	0	0.011355698083027	4.43094575499864	7.12361368265257	0.008594562368426	0	0.571544282042875	0.831647234485723
PGD_TEN259	0.047678406558732	0.0216112895863	0.018859472110974	0	0.127448605033476	0.330350803452577	0.075629797853048	0.086434516159272	0.115416630487777	0	0.007243511423916	0	0.016319568188641	0	0.042903129885954	0.0693106764445	0.00949937781865	0.006388556417501	0.006390407282669	0.009222908140436	0.009211813958048	4.5267893508255	6.25241243179468	8.0529197530831E-05	0	0.723636170301389	0.716858788180349
PGD_TEN318	0.068372897725453	0.10430436800626	0.029556836989536	0.008993373777065	0.058738886926187	0.233291732555946	0.051241424696277	0.054258851374224	0	0.063286170822391	0	0	0	0.007736407794152	0.060423818700309	0.075650901554785	0.142086001542692	0	0.022164129831765	0	0.019894197702961	4.46083764493746	6.57617323044024	0	0	0.739645102142086	0.746386104117622
PGD_TEN356	0.00861811803567	0.071050117660152	0.006421845182596	0.104913967327066	0.031500567196028	0	0.172120487713829	0.231835676228218	0.003036261841945	0.175907384026765	0	0	0	0.094740081080429	0.034289173295359	0.033941399422351	0	0.012682242829449	0.016683407351029	0	0	4.27414915949511	6.34690173177969	0.002259270809114	0	0.801918173810548	0.675049799607823
PGD_TEN409	0.05286790992829	0.283661756636633	0	0.03656248467038	0.119940240984497	0.066680160534053	0.055172878862479	0.151227198102301	0.008261983558684	0.020789372562847	0	0	0	0.081600015624178	0.074170653828458	0.034310096751124	0	0	0.011917569443064	0	0	4.41233386604563	6.69398672746855	0.002837678513013	0	0.807634220920158	0.667347745244671
PGD_TEN505	0.014096940134317	0.052805102598585	0.119504497091136	0.051890363332458	0.004922145380315	0.137549205685761	0.050614318244865	0.072043907355132	0.011309358241061	0.07621668196643	0	0	0	0.218567648600667	0.119138874195916	0.03704890087872	0.002907820349119	0	0.028345380811679	0	0	4.46574562855053	5.91636050947207	0.003038855133842	0	0.844346432173044	0.665281545127322
PGD_TEN520	0	0.07178876812961	0.017186599981412	0.011167529151836	0.3697468852433	0.044092763955349	0.00443302213706	0.116391103430667	0.191704011807032	0	0.021746110462922	0	0.022037573079724	0.041296128272075	0.025527645639721	0.055942326092313	0	0.000543850370458	0.003291198510084	0.003104483736437	0	4.17659730595394	6.41495578572501	0	0	0.821360933227927	0.621674284649093
PGD_TEN527	0.008423106466925	0.062494010773181	0.157281717131111	0.060287359812586	0.055226771908695	0	0.094447905264814	0.282706356253258	0.017243738218417	0.050946776802528	0.005126037117188	0	0	0.069236519803951	0.032751524474622	0.060077871862762	0	0.025012709101668	0.01829488039017	0	0	4.35359875843688	6.0079387440573	0.000442714618125	0	0.803593313074407	0.673682058528246
PGD_TEN529	0	0.046469051022987	0.001537041179284	0.035082299665176	0	0.094865114162057	0.141377453626525	0.297281015134269	0.082431588699887	0.060786844583512	0	0.020336973166892	0	0.055780614773905	0.058013455307971	0.04292647974461	0.028024237441202	0.016205611352742	0.017094669452081	0	0	4.46239944219911	6.84564212848561	0.001787550686902	0	0.876565628260461	0.608193950152856
PGD_TEN536	0	0.012066874328155	0.009372659602282	0.280480661419113	0	0	0.021276662238895	0.107574992725134	0.077153088968088	0.128838634396567	0	0	0	0.231444632803695	0.076638264291771	0.018794345850307	0.019312817520696	0	0.01305229653908	0	0	4.16377798625974	5.65899211047908	0.003994069316216	0	0.714211367357432	0.728031544767475
PGD_TEN563	0.05655364166907	0.091237088316252	0	0.020051428794155	0.047847461773736	0.108082303344091	0.060036588655597	0.278315080116259	0	0.06905880587694	0	0	0	0.089957676729209	0.110735428984488	0.051843480564038	0	0	0.012746603180707	0	0	4.67380399061142	6.9422871047745	0.003534411995458	0	0.792825988089857	0.683157127955634
PGD_TEN564	8.42656833600993E-05	0.02564904125864	0.020716636744616	0.051866113031949	0.206282474901392	0.034577863989005	0.020491844308409	0.304243571713688	0.05858947325974	0	0	0.023134058421638	0.001926346091022	0.126132978088349	0.063393196679174	0.037113211207681	0.012743734641269	0	0.013055189980067	0	0	4.12279230172543	5.79565827253557	0	0	0.852178152155921	0.610463671380707
PGD_TEN566	0.02316593901599	0.111045211572356	0.078478222321517	0.0556839292069	0.076938890426015	0.068688223629592	0.058850608801329	0.191125285202533	0.024878091798377	0.057487377264919	0	0.001120280639497	0	0.086668883898921	0.087756901029657	0.070543721058743	0	0	0.00594546348542	0	0	4.31660183299065	5.68561704569865	0.001622970648232	0	0.790257381128378	0.693043776038779
PGD_TEN568	0.367128582495337	0.202910994505933	0	0.063772221713419	0.031551078906509	0.001362237308506	0.050058364868543	0.053914369395748	0.001456227454169	0.062235552265972	0	0	0	0.025396472207648	0.034625436543212	0.09343158821017	0	0.003899980397458	0.006634713902305	0	0	4.49770954095559	6.55493124174913	0.001622179825071	0	0.88588186352121	0.539831971159928
PGD_TEN570	0.035236528025301	0.161300104673804	0.019121181667115	0.032647322444583	0.084407898525183	0.143006324863657	0.020130177904858	0.292013310054983	0	0.031936238758013	0.00894636834889	0	0.004717311808993	0.041990580476419	0.032466772188469	0.079543544852153	0	0.005642426089638	0.005837139233397	0	0	5.11839149746393	7.48387634811237	0.001056770084547	0	0.782843479421702	0.677403767939179
PGD_TEN580	0.002756538410938	0.063194618234181	0.013577335578501	0.073995657399845	0.0529960945586	0	0.080588795294918	0.307644139188465	0.074570294224482	0.160356918710917	0	0.005990623277065	0	0.03505507058481	0.069906568921388	0.046068489086121	0	0.011006729574991	0.00229212695478	0	0	4.24137497438082	5.94305724951106	0	0	0.829885537757075	0.62921758386606
PGD_TEN581	0.148531261736326	0.157249256991717	0.007062400134176	0.035501957625458	0.003799078503086	0.086301053840055	0.041257375881594	0.131503928031369	0.003663939955194	0.088757163623835	0	0.018312202620637	0	0.064857625759536	0.056562668252545	0.109986073609721	0.023570828681928	0	0.021476113047116	0	0	4.64919305701864	8.1564337680475	0.001607071705708	0	0.864767032643938	0.647286730473445
PGD_TEN587	0.024578292216485	0.140275606159734	0.122933174095584	0.13607771512668	0.015490374547847	0	0	0.120410993598353	0.00393649391293	0.078374987570679	0	0.029946143840981	0.030007217518214	0.051264045166656	0.097937086293788	0.10439588585032	0	0	0	0.042349728164595	0.001430324583508	5.26042987916896	7.7304649895258	0.000591931353645	0	0.840299939765823	0.656408191943247
PGD_TEN597	0.075336575762381	0.037461770168433	0.136808535639315	0.127842451412076	0	0	0.093944135546551	0.177376764953412	0	0.126150702331644	0	0.004656093648059	0	0.035689821907966	0.041925025447792	0.139254894410886	0	0	0.001161604698039	0	0	4.99843458571485	6.88288941907887	0.002391624073446	0	0.794161362684963	0.686662408925046
PGD_TEN600	0.101507657738151	0.170407521008651	0.065135804495907	0.069995451742204	0.001690486320252	0.022986140227986	0.058341066482518	0.100244955752215	0	0.119186120601039	0	0.027991231578657	0.019691916593374	0.054733838443026	0.077303207576804	0.103237610873206	0	0	0	0.005714834388069	0	5.04420480767207	6.29934448212512	0.001832156177939	0	0.886538266500969	0.62050725955802
